-- phpMyAdmin SQL Dump
-- version 4.5.1
-- http://www.phpmyadmin.net
--
-- Servidor: 127.0.0.1
-- Tiempo de generación: 04-11-2019 a las 21:54:22
-- Versión del servidor: 10.1.9-MariaDB
-- Versión de PHP: 5.5.30

SET SQL_MODE = "NO_AUTO_VALUE_ON_ZERO";
SET time_zone = "+00:00";


/*!40101 SET @OLD_CHARACTER_SET_CLIENT=@@CHARACTER_SET_CLIENT */;
/*!40101 SET @OLD_CHARACTER_SET_RESULTS=@@CHARACTER_SET_RESULTS */;
/*!40101 SET @OLD_COLLATION_CONNECTION=@@COLLATION_CONNECTION */;
/*!40101 SET NAMES utf8mb4 */;

--
-- Base de datos: `crawler`
--

-- --------------------------------------------------------

--
-- Estructura de tabla para la tabla `administrador`
--

CREATE TABLE `administrador` (
  `id_administrador` int(11) NOT NULL,
  `id_rol` int(11) NOT NULL,
  `nombre_admin` varchar(50) NOT NULL,
  `correo_admin` varchar(50) NOT NULL,
  `clave_admin` varchar(50) NOT NULL
) ENGINE=InnoDB DEFAULT CHARSET=latin1;

--
-- Volcado de datos para la tabla `administrador`
--

INSERT INTO `administrador` (`id_administrador`, `id_rol`, `nombre_admin`, `correo_admin`, `clave_admin`) VALUES
(2, 1, 'alejandro polanco', 'xespitia@hotmail.com', 'f9fa10ba956cacf91d7878861139efb9');

-- --------------------------------------------------------

--
-- Estructura de tabla para la tabla `calificacion`
--

CREATE TABLE `calificacion` (
  `id_calificacion` int(11) NOT NULL,
  `valor_cal` int(2) NOT NULL,
  `id_pro` int(11) NOT NULL,
  `id_usuario` int(11) NOT NULL
) ENGINE=InnoDB DEFAULT CHARSET=latin1;

-- --------------------------------------------------------

--
-- Estructura de tabla para la tabla `categorias`
--

CREATE TABLE `categorias` (
  `id_categoria` int(11) NOT NULL,
  `nombre_categoria` varchar(30) NOT NULL
) ENGINE=InnoDB DEFAULT CHARSET=latin1;

--
-- Volcado de datos para la tabla `categorias`
--

INSERT INTO `categorias` (`id_categoria`, `nombre_categoria`) VALUES
(1, 'Celulares'),
(24, 'Computadores e Informática'),
(25, 'Audio'),
(26, 'Videojuegos'),
(28, 'Camaras'),
(29, 'Deportes'),
(30, 'Hogar'),
(31, 'TV y Video'),
(32, 'Mercado'),
(33, 'Moda'),
(35, 'Jugueteria'),
(36, 'Salud y Belleza'),
(37, 'Llantas'),
(42, 'Accesorios De Electrónica'),
(43, 'Electrodomésticos');

-- --------------------------------------------------------

--
-- Estructura de tabla para la tabla `clientes`
--

CREATE TABLE `clientes` (
  `id_cliente` int(11) NOT NULL,
  `id_rol` int(11) NOT NULL,
  `nombre_cli` varchar(20) NOT NULL,
  `identificacion_cli` int(10) NOT NULL,
  `matricula_mercantil_cli` int(10) NOT NULL,
  `clave_cli` varchar(50) NOT NULL,
  `correo_cli` varchar(50) NOT NULL,
  `telefono_cli` varchar(10) NOT NULL,
  `estado_correo_cli` enum('false','true') NOT NULL,
  `codigo_activacion_cli` varchar(250) NOT NULL
) ENGINE=InnoDB DEFAULT CHARSET=latin1;

--
-- Volcado de datos para la tabla `clientes`
--

INSERT INTO `clientes` (`id_cliente`, `id_rol`, `nombre_cli`, `identificacion_cli`, `matricula_mercantil_cli`, `clave_cli`, `correo_cli`, `telefono_cli`, `estado_correo_cli`, `codigo_activacion_cli`) VALUES
(18, 2, 'Bladimir S', 12210158, 12345, 'dc5d6e5c0ffd6d1cd249286ced098382', 'xbladimir@hotmail.com', '3124762042', 'true', '1234567'),
(20, 2, 'Catalina', 55111850, 987978, '8ca7418bc7c0ebac7b28d867bd960f5b', 'cata-1994@gmail.com', '3124567890', 'false', ''),
(21, 2, 'fernando', 67567567, 567567, 'cebdd715d4ecaafee8f147c2e85e0754', 'fernando@yahoo.es', '3123456754', 'false', ''),
(22, 2, 'yankely', 1221345, 657567, '619e30afcc5ef5c5b685a911fd8a1a6b', 'yankerlly@gmail.com', '3174494860', 'false', ''),
(23, 2, 'Ivan', 2423432, 45645645, 'd9bf4136cb03631e91b861e2c0cdcaab', 'banban@usco.edu.co', '3145674532', 'false', ''),
(25, 2, 'luisa', 345234, 345345345, 'd973be674b15109edafc8a2c2c3ecfbf', 'luisa@hotmail.com', '3423423423', 'false', ''),
(26, 2, 'juan', 453453, 53453453, '671b7fa6fb0c818ad06b7e8596857740', 'juan@usco.edu.co', '3124567789', 'false', ''),
(28, 2, 'claudia', 234243, 2147483647, '2b9ff3efc4a999ecfacd18c4bbc57a2e', 'claudia@hotmail.com', '2342342343', 'false', ''),
(31, 2, 'Martha', 234234, 345345345, '3003051f6d158f6687b8a820c46bfa80', 'martha@yahoo.es', '3134567890', 'false', ''),
(32, 2, 'ivan ', 234234, 435345, '2444470c157c318a6ccd56b6be4f3648', 'ivan@hotmail.com', '3213456789', 'false', ''),
(36, 2, 'usuario', 23423423, 23423423, 'f8032d5cae3de20fcec887f395ec9a6a', 'usuario@hotmail.com', '3245678345', 'false', ''),
(37, 2, 'asdasd', 234234, 234234, 'f9fa10ba956cacf91d7878861139efb9', 'asdasd@hotmail.com', '2342342234', 'false', ''),
(38, 2, 'carepapaya', 0, 0, 'f9fa10ba956cacf91d7878861139efb9', 'carepapaya@hotmail.com', '2342342344', 'false', ''),
(40, 2, 'empresario', 2343423, 234234234, '166acb74f46e691233e35ecb5b9f9e7f', 'empresario@hotmail.com', '3202727927', 'false', ''),
(41, 2, 'Nataly Aguilar ', 1006069518, 3654738, '314601222d7662a1dc0240ab776a342e', 'karen-a2010@hotmail.com', '3222590315', 'false', '');

-- --------------------------------------------------------

--
-- Estructura de tabla para la tabla `empresa`
--

CREATE TABLE `empresa` (
  `id_empresa` int(11) NOT NULL,
  `id_cliente` int(11) DEFAULT NULL,
  `nombre_emp` varchar(50) NOT NULL,
  `direccion_emp` varchar(50) NOT NULL,
  `municipio_emp` varchar(50) NOT NULL,
  `departamento_emp` varchar(50) NOT NULL,
  `horario_emp` varchar(50) NOT NULL,
  `logo_emp` longtext NOT NULL,
  `telefono_emp` int(10) NOT NULL,
  `link_emp` varchar(50) DEFAULT NULL
) ENGINE=InnoDB DEFAULT CHARSET=latin1;

--
-- Volcado de datos para la tabla `empresa`
--

INSERT INTO `empresa` (`id_empresa`, `id_cliente`, `nombre_emp`, `direccion_emp`, `municipio_emp`, `departamento_emp`, `horario_emp`, `logo_emp`, `telefono_emp`, `link_emp`) VALUES
(47, 23, 'Alkomprar CC SAN JUAN PLAZA (Neiva).', 'CR 16 N 41-10 LOCAL 260 ', 'Neiva', 'Huila', 'Lun-dom 10:00 am a 8:00 pm', 'https://media.aws.alkosto.com/media/storelocator/images/34/38/34_1.jpg', 8326010, ''),
(49, 32, ' AgroSur', 'calle 100 # 13-34, Neiva, Huila', 'Neiva', 'Huila', 'lunes-Domingo', 'uploads/imagen-logo-empresa/img_2019-10-10-16-47.jpg', 2342345, ''),
(67, 22, ' justo y bueno', 'carrera 1c # 11a-45, Gigante, Huila', 'Gigante', 'Huila', 'lunes-Domingo de 8:00 a.m - 12 p-m', 'uploads/imagen-logo-empresa/img_2019-10-10-16-16.jpg', 8326021, 'www.justoybueno.com'),
(68, 18, ' Supermercado superior', ' Calle 7 No. 18-05', 'Neiva', 'Huila', 'Lunes-Domingo de 8:00 a.m - 11:00 p.m', 'uploads/imagen-logo-empresa/img_2019-09-20-22-17.jpg', 8326015, '');

-- --------------------------------------------------------

--
-- Estructura de tabla para la tabla `productos`
--

CREATE TABLE `productos` (
  `id_pro` int(11) NOT NULL,
  `id_empresa` int(11) NOT NULL,
  `id_categoria` int(11) DEFAULT NULL,
  `id_subcategoria` int(11) DEFAULT NULL,
  `nombre_pro` varchar(300) NOT NULL,
  `descripcion_pro` longtext,
  `imagen_pro` longtext NOT NULL,
  `precioAnterior_pro` varchar(50) DEFAULT NULL,
  `precioNuevo_pro` varchar(50) NOT NULL,
  `diasOferta_pro` int(5) DEFAULT NULL,
  `inicioOferta_pro` datetime DEFAULT NULL,
  `finOferta_pro` datetime DEFAULT NULL,
  `fecha_registro_pro` datetime NOT NULL
) ENGINE=InnoDB DEFAULT CHARSET=latin1;

--
-- Volcado de datos para la tabla `productos`
--

INSERT INTO `productos` (`id_pro`, `id_empresa`, `id_categoria`, `id_subcategoria`, `nombre_pro`, `descripcion_pro`, `imagen_pro`, `precioAnterior_pro`, `precioNuevo_pro`, `diasOferta_pro`, `inicioOferta_pro`, `finOferta_pro`, `fecha_registro_pro`) VALUES
(1433, 47, 42, 87, 'Memoria Micro SD SANDISK 64 GB Extreme PRO 4K + Adaptador', 'Recomendada para cámaras GoPRO Grabación en 4K UHD Alto rendimiento Recomendada para cámaras GoPRO Grabación en 4K UHD Alto rendimiento', 'uploads/medias/Memoria Micro SD SANDISK 64 GB Extreme PRO 4K + Adaptador-750Wx750H?context=bWFzdGVyfGltYWdlc3w3MDQ0MnxpbWFnZS9qcGVnfGltYWdlcy9oZWIvaGRkLzkwNTIzODk5NjU4NTQuanBnfDE3YTY4ZTEwYzA5Nzc1NDI3MDRjY2UxZDA4OTQwZjBlNDBjNmU4YmU1NDA4NWQ4NTEyNDE1MWMyZTMxZTBlOTg', '', '166900', NULL, NULL, NULL, '2019-09-23 16:35:34'),
(1434, 47, 42, 87, 'Memoria Micro SD SANDISK 32 GB Extreme PRO 4K  Adaptador', 'Recomendada para cámaras GoPRO Grabación en 4K UHD Alto rendimiento Recomendada para cámaras GoPRO Grabación en 4K UHD Alto rendimiento', 'uploads/medias/Memoria Micro SD SANDISK 32 GB Extreme PRO 4K  Adaptador-750Wx750H?context=bWFzdGVyfGltYWdlc3wyMzQ2NjF8aW1hZ2UvanBlZ3xpbWFnZXMvaDJkL2g3OC85MDUyMzg4Nzg2MjA2LmpwZ3w3MDFhNmVjMTU0NjMxMWZmYTY4M2JhNWYyODQwZGIzYmRhMmYzYzMzYjNiM2EyY2ZhYmJiY2MwMTRjYzJlM2Iy', '', '96900', NULL, NULL, NULL, '2019-09-23 16:35:35'),
(1435, 47, 42, 88, 'Cable BESTCOM USB 1.0 / USB 1.1 / 1,83 Mt-Negro', 'Te brinda una transferencia de hasta 480 Mbp No pierdas conectividad incluso puedes usarla con tu impresora Ademas es un cable muy versatil te ofrece 1,83 metros de largo Te brinda una transferencia de hasta 480 Mbp No pierdas conectividad incluso puedes usarla con tu impresora Ademas es un cable muy versatil te ofrece 1,83 metros de largo', 'uploads/medias/Cable BESTCOM USB 1.0 / USB 1.1 / 1,83 Mt-Negro-750Wx750H?context=bWFzdGVyfGltYWdlc3w0NDA1NnxpbWFnZS9qcGVnfGltYWdlcy9oYzUvaGZlLzg5NTU3MjgzNjM1NTAuanBnfGJjMDE0ODA2MjM3NjI5NzgwZDFjNzRhOTg2ODk0YzVhODUzZGQyNDg4MjcxODk2OTA0MTU1ZWJlZGU5ZGZkMjg', '', '7630', NULL, NULL, NULL, '2019-09-23 16:35:36'),
(1436, 47, 42, 86, 'Regulador Voltaje MAGOM Power-8 x1', 'Regulación automática de voltaje Protección de red Internet/ADSL, Filtro de línea Protección de sobrecargas y cortocircuito Indicadores visuales de funcionamiento Caja Plástica Anti-inflamable Regulación automática de voltaje Protección de red Internet/ADSL, Filtro de línea Protección de sobrecargas y cortocircuito Indicadores visuales de funcionamiento Caja Plástica Anti-inflamable', 'https://www.alkomprar.com/medias/7707369250338-001-750Wx750H?context=bWFzdGVyfGltYWdlc3w1OTAxNDl8aW1hZ2UvcG5nfGltYWdlcy9oN2QvaDg2LzkxMjExNzI4MTU5MDIucG5nfGMyZjE0Mjk1ZTRhZTIxNTM5ZGE3ZDNmODMwMDU2MTk0YzBjOTI3N2IxYWVkYTJlZjkxMWFiYWU2YmUyMGEyNDY', '', '55900', NULL, NULL, NULL, '2019-09-23 16:35:37'),
(1437, 47, 42, 88, 'Cable Cargador APPLE USBC-USBC 1 Metro-Blanco', 'Es compatible con USB 2 Viene en los últimos modelos de iPad Pro con USB-C 1 metro Es compatible con USB 2 Viene en los últimos modelos de iPad Pro con USB-C 1 metro', 'https://www.alkomprar.com/medias/190198914460-001-750Wx750H?context=bWFzdGVyfGltYWdlc3w1ODM5NnxpbWFnZS9qcGVnfGltYWdlcy9oNzAvaDdmLzkwNTIxMTgwNTY5OTAuanBnfGVjNmY1YWIyNTkwZjQ5ZmJlNjM1YWJiOTgzMTU4ZmQzN2JlOGEyNTg1ZDYwMzgwMTUwMmJkOGMxMjNhZDc4Mzg', '', '79000', NULL, NULL, NULL, '2019-09-23 16:35:37'),
(1438, 47, 42, 86, 'Multitoma Walltap FORZA de 3 salidas con 2 puertos USB', 'Dos prácticos puertos USB ubicados en el frente Protección contra sobrecargas Tapas deslizables para seguridad de los niños y mascotas Cubierta de metal y plástico ABS Indicador luminoso de protección contra sobretensiones Dos prácticos puertos USB ubicados en el frente Protección contra sobrecargas Tapas deslizables para seguridad de los niños y mascotas Cubierta de metal y plástico ABS Indicador luminoso de protección contra sobretensiones', 'https://www.alkomprar.com/medias/798302107052-001-750Wx750H?context=bWFzdGVyfGltYWdlc3w5MTY2N3xpbWFnZS9qcGVnfGltYWdlcy9oODQvaDgxLzg4Mzk1NTY5ODg5NTguanBnfGJlYjNkN2Q0OGI2ZmFkMTJiM2I4MzcyMGFmY2QxYzU1NDAxMTI5ZmI1YTYyZTIyZWVmZDE0YTQ0ZjZmYzUzMzY', '', '34900', NULL, NULL, NULL, '2019-09-23 16:35:38'),
(1439, 47, 42, 88, 'Cargador Pared SONY con puerto USB y USB C + Cable Micro USB 50CM', 'Cargador de Pared rapido para dispositivos con tecnología USB PD Salida USB dual ( USB-C y USB ) que te permite tener dos dispositivos al mismo tiempo. Carga segura de Sony Nuestro adaptador de CA presenta un diseño resistente al calor y un controlador de potencia inteligente para mantener un rendimiento seguro Cargador de Pared rapido para dispositivos con tecnología USB PD Salida USB dual ( USB-C y USB ) que te permite tener dos dispositivos al mismo tiempo. Carga segura de Sony Nuestro adaptador de CA presenta un diseño resistente al calor y un controlador de potencia inteligente para mantener un rendimiento seguro', 'https://www.alkomprar.com/medias/008562020498-001-750Wx750H?context=bWFzdGVyfGltYWdlc3w5MzU4M3xpbWFnZS9qcGVnfGltYWdlcy9oNzgvaGQwLzkwODkyMTAxNTUwMzguanBnfGE3YjM2ZTk4NDgyMzM5ZmIzNWQxZDk1OGEzZDUwODFjNzg5MDY3NGNkYTI2ZjM2MTE0YTQ3NzBjNzJhNjVkYmI', '', '69900', NULL, NULL, NULL, '2019-09-23 16:35:38'),
(1440, 47, 42, 86, 'UPS MAGOM mg-500 500VAx1', 'Cuenta con luz LED de encendido/Batería/Modo Inversor Regulación automática de voltaje Amplio rango de tensión de entrada Arranque en frio (sin conexión a red eléctrica) Supresor de picos y filtro de ruido incorporado Cuenta con luz LED de encendido/Batería/Modo Inversor Regulación automática de voltaje Amplio rango de tensión de entrada Arranque en frio (sin conexión a red eléctrica) Supresor de picos y filtro de ruido incorporado', 'https://www.alkomprar.com/medias/7709990775112-001-750Wx750H?context=bWFzdGVyfGltYWdlc3w1OTM4Mjl8aW1hZ2UvcG5nfGltYWdlcy9oZmIvaGI0LzkxMjExNDAyNzcyNzgucG5nfDJmY2Y0NWE2YzQzZTQ3MWYxODdhN2U3MzIxNTk4NzliY2ZjZWNkMWZlYThjYTIyMmNmZGIxYTdjOGUxZmM2NmI', '', '210900', NULL, NULL, NULL, '2019-09-23 16:35:39'),
(1441, 47, 42, 88, 'Adaptador HP USB-C a HDMI, Plug and Play -Negro', 'Proyecte vídeos y audio de su tablet con el adaptador HP USB-C™ a HDMI Conecte adaptador a tablet o puerto de USB-C™ y transmita a un monitor Plug and Play Proyecte vídeos y audio de su tablet con el adaptador HP USB-C™ a HDMI Conecte adaptador a tablet o puerto de USB-C™ y transmita a un monitor Plug and Play', 'https://www.alkomprar.com/medias/191628755134-001-750Wx750H?context=bWFzdGVyfGltYWdlc3w1NDA5NHxpbWFnZS9qcGVnfGltYWdlcy9oOWQvaDdlLzkwNTIxNzg4MDg4NjIuanBnfDY1YzgyZDg3ZmRkNTBlZmMxMWFlZjYwMjllZWNkOGNiZWQ1NGVjZDcxYWZkMTlmMzVjZDc5ODU1M2ZmYjFkYTY', '', '89900', NULL, NULL, NULL, '2019-09-23 16:35:39'),
(1442, 47, 42, 88, 'Cargador BELKIN Auto USB 2.0 12 V-Negro', 'Puerto USB carga dispositivos móviles más rápido 40% para ser exactos. Su peso de tan solo 16 gramos lo hace totalmente liviano Con un diseño elegante y moderno Puerto USB carga dispositivos móviles más rápido 40% para ser exactos. Su peso de tan solo 16 gramos lo hace totalmente liviano Con un diseño elegante y moderno', 'https://www.alkomprar.com/medias/722868928660-001-750Wx750H?context=bWFzdGVyfGltYWdlc3w0MjExMDB8aW1hZ2UvcG5nfGltYWdlcy9oNzAvaDJlLzkxMjE4OTE4MTEzNTgucG5nfDRmYjc3ZjBhM2FjNzMxM2Y5OGRhMDBhZjM0MGQxY2Q2MjFmZTUwZDc4YzZjMDc1NDU0NmY0ZDcyNDE2ZDY3MGQ', '', '48900', NULL, NULL, NULL, '2019-09-23 16:35:40'),
(1443, 47, 42, 88, 'Cable Audio/Video BELKIN DisplayPort a HDMI 1,8M-Blanco/Negro', 'Conecta ordenadores MacBook, Ultrabook o tablets a una televisión HD Úsalo para películas presentaciones de texto o fotos Ademas es compatible con la resolucion 4K Conecta ordenadores MacBook, Ultrabook o tablets a una televisión HD Úsalo para películas presentaciones de texto o fotos Ademas es compatible con la resolucion 4K', 'https://www.alkomprar.com/medias/745883696956-001-750Wx750H?context=bWFzdGVyfGltYWdlc3w0MzE0NHxpbWFnZS9qcGVnfGltYWdlcy9oMmMvaDA5Lzg4MzcxMTQxMDE3OTAuanBnfGFjNWI0ZDU4Zjg1NWVlYzQ3ODhlZGJkMTFhMTZiMTVlNDQzMjJhYWYxYmQ3OWE3ZDA3ODhhY2JiYzc0NWIxNjE', '', '89900', NULL, NULL, NULL, '2019-09-23 16:35:41'),
(1444, 47, 42, 88, 'Cargador BELKIN de Pared Micro USB 2.1/10 Watts - Negro', 'Cuenta conexión con cualquier toma corriente en pared o instalacion Su potencia es de 10 Watts Es un cargador universa puedes incluso llevaro a tus viajes con un peso de tan solo 16 gramos que lo hace totalmente ligero Cuenta conexión con cualquier toma corriente en pared o instalacion Su potencia es de 10 Watts Es un cargador universa puedes incluso llevaro a tus viajes con un peso de tan solo 16 gramos que lo hace totalmente ligero', 'https://www.alkomprar.com/medias/722868986851-001-750Wx750H?context=bWFzdGVyfGltYWdlc3wxNDczMTB8aW1hZ2UvanBlZ3xpbWFnZXMvaGQzL2g3Mi85MTIxODY1MTM4MjA2LmpwZ3wzZGZkM2M1NzBlYzM2NWJhOTRjNGY4NTU5OTk1NGY4MThmMjllNGYyOGYyNjk3OWYxZmI1MGUyNTc2NzNmNTA4', '', '66900', NULL, NULL, NULL, '2019-09-23 16:35:42'),
(1445, 47, 42, 88, 'Base de carga inalámbrica BELKIN 7,5 Watts para iPhone X, iPhone 8 Plus y iPhone 8-Blanco', 'Tiene una potencia de carga maxima 7,5 Watts Indicador LED el dispositivo esta sobre la base y cargando Superficie antiadherente permite fijar la posicion segura del celular Tiene una potencia de carga maxima 7,5 Watts Indicador LED el dispositivo esta sobre la base y cargando Superficie antiadherente permite fijar la posicion segura del celular', 'https://www.alkomprar.com/medias/745883746774-001-750Wx750H?context=bWFzdGVyfGltYWdlc3w2MzMzNXxpbWFnZS9qcGVnfGltYWdlcy9oZGUvaDlmLzg4MzcxNTM5NDc2NzguanBnfGI2MjViZjlkZTA5MzI3OGYxNTQ5MDhjZjkzYWFhNTE3YmJiMDU1MjYxZWQ0NDIyZTM2NzBlODEyNjAyODBkNmM', '', '264900', NULL, NULL, NULL, '2019-09-23 16:35:42'),
(1446, 47, 42, 88, 'Cargador BELKIN para Auto Puertos 2.4mA-Negro', 'Carga hasta cuatro dispositivos de forma simultánea Ademas te brinda conexión a 2 puertos USB Cobertura una distancia con 1,8 metros Adicionalmente compatible con la mayoria de vehiculos Carga hasta cuatro dispositivos de forma simultánea Ademas te brinda conexión a 2 puertos USB Cobertura una distancia con 1,8 metros Adicionalmente compatible con la mayoria de vehiculos', 'https://www.alkomprar.com/medias/745883673940-001-750Wx750H?context=bWFzdGVyfGltYWdlc3w0ODk5NnxpbWFnZS9qcGVnfGltYWdlcy9oYTIvaDc5Lzg4MzcxMDExMjU2NjIuanBnfDhiNjg4ZTE5MTliNDJjZTYxYmIyZDM0NGVjNDY5YTZlYTYzZjU1ZDgxMzEzNTNmODNmODg1MjFhNTQ0MWEzMzA', '', '132900', NULL, NULL, NULL, '2019-09-23 16:35:43'),
(1447, 47, 42, 88, 'Base De Carga BELKIN Inalámbrica Micro USB a USB S7/s8/s9 Iphone 8/8plus/x-Negro', 'Tamaño permite que sea portable incluso la puede cargar en el bolsillo Tambien cuenta con un diseño y acabado en negro puedes combinarla Compatible con smartphone con tecnologia QI Sensores de proteccion termica permite que la base funcione segura Tamaño permite que sea portable incluso la puede cargar en el bolsillo Tambien cuenta con un diseño y acabado en negro puedes combinarla Compatible con smartphone con tecnologia QI Sensores de proteccion termica permite que la base funcione segura', 'https://www.alkomprar.com/medias/745883682034-001-750Wx750H?context=bWFzdGVyfGltYWdlc3wzMDQ0MnxpbWFnZS9qcGVnfGltYWdlcy9oMGUvaGZiLzg4MzcxMDE3MTU0ODYuanBnfGZhZjIyOTJkMjc4OTkzN2YxYWIyYTM1ZjEzN2RiMTQzOTc3M2M1NDczNDU5YTM3OTEzMmUzMWEwOWM0YjYwN2U', '', '199900', NULL, NULL, NULL, '2019-09-23 16:35:43'),
(1448, 47, 42, 88, 'Cable BELKIN Auxiliar de 3,5 m - Uno/Uno 90 Cm Azul', 'Este cable de audio no hay limitaciones para escuchar tu musica Ademas un sonido de audio alta calidad Cuenta con una gran variedad en gama de colores con un toque metalico Cubre una distancia de 1,8 metros Este cable de audio no hay limitaciones para escuchar tu musica Ademas un sonido de audio alta calidad Cuenta con una gran variedad en gama de colores con un toque metalico Cubre una distancia de 1,8 metros', 'https://www.alkomprar.com/medias/722868889015-001-750Wx750H?context=bWFzdGVyfGltYWdlc3wxNDI0OXxpbWFnZS9qcGVnfGltYWdlcy9oMGYvaGMxLzg4MzQwMjA0MDkzNzQuanBnfGJkNjU2NDAwYWVkMDRiNjQxOWFiZTM1YWE2YzNjM2Q1ZWIzMTcyOTc2OGY4MTE4OTcyZWIyMDkxMzQyM2U1NDY', '', '17900', NULL, NULL, NULL, '2019-09-23 16:35:44'),
(1449, 47, 42, 88, 'Adaptador BELKIN 12,5 cm/ MiniDisplay VGA- Negro', 'Moldeado esta hecho para minimizar la tension facilitando su conexión Adaptador de 12,5 cm Adaptador de 12,5 cm Moldeado esta hecho para minimizar la tension facilitando su conexión Adaptador de 12,5 cm Adaptador de 12,5 cm', 'https://www.alkomprar.com/medias/722868967867-001-750Wx750H?context=bWFzdGVyfGltYWdlc3wyMzk2NnxpbWFnZS9qcGVnfGltYWdlcy9oMzUvaDRmLzg4MzQwNjgxODUxMTguanBnfGEyMzNlYmU2OTQ2YjhkMmEwMDE0NTZlNjhlODY2MWEwZmM1ZjJlMmYzMWVjMTM5NTdmNDIzNjVlMjE5ZDhmZjc', '', '39900', NULL, NULL, NULL, '2019-09-23 16:35:44'),
(1450, 47, 42, 88, 'Adaptador BELKIN Micro/USB- Negro', 'Belkin permite conectar cualquier dispositivo micro USB al puerto USB Adaptador USB - C/microUSB Ligero y compacto Diseño minimalista y unico comodo para transportar Belkin permite conectar cualquier dispositivo micro USB al puerto USB Adaptador USB - C/microUSB Ligero y compacto Diseño minimalista y unico comodo para transportar', 'https://www.alkomprar.com/medias/745883741397-001-750Wx750H?context=bWFzdGVyfGltYWdlc3wxNDYyMXxpbWFnZS9qcGVnfGltYWdlcy9oYjMvaGZjLzg4MzcxNTI3NjgwMzAuanBnfDcxNDhjNTFlOWE1MGFkOGMyMGFhZGNlOGVjYzE4OTAxZDEwMTljN2M0OWQyYTVkY2Y5ODc3MjAyMGE5ZDkyZjc', '', '29900', NULL, NULL, NULL, '2019-09-23 16:35:45'),
(1451, 47, 42, 86, 'UPS Interactiva FORZA 1000VA / 500W 6 Salidas NT-1011', 'Suministra energía de respaldo proveniente de la batería durante caídas de tensión, evitando así la pérdida de información crítica al mismo tiempo que minimiza los efectos de una desconexión forzosa. Acumula suficiente energía con el fin de apagar los equipos en la forma apropiada Produce la desconexión automática cuando los niveles de tensión son demasiado altos o demasiado bajos con el fin de proteger sus equipos contra fluctuaciones potencialmente perjudiciales y demás irregularidades en el suministro eléctrico. Proporciona una notificación audible al momento de cambiar el suministro de la red y las condiciones de alimentación de la UPS cuando la unidad se instala en lugares de difícil acceso o donde el usuario no puede verla con facilidad. Todos nuestros sistemas UPS están elaborados con material ABS retardador de llama, lo cual garantiza que de presentarse alguna falla, el equipo no es susceptible de prender fuego Nuestro diseño sin ventilador a la par con una estructura excepcional de enfriamiento constituye la solución ideal para ambientes silenciosos con menos ruido e interferencias de lo que genera el movimiento de componentes internos. Suministra energía de respaldo proveniente de la batería durante caídas de tensión, evitando así la pérdida de información crítica al mismo tiempo que minimiza los efectos de una desconexión forzosa. Acumula suficiente energía con el fin de apagar los equipos en la forma apropiada Produce la desconexión automática cuando los niveles de tensión son demasiado altos o demasiado bajos con el fin de proteger sus equipos contra fluctuaciones potencialmente perjudiciales y demás irregularidades en el suministro eléctrico. Proporciona una notificación audible al momento de cambiar el suministro de la red y las condiciones de alimentación de la UPS cuando la unidad se instala en lugares de difícil acceso o donde el usuario no puede verla con facilidad. Todos nuestros sistemas UPS están elaborados con material ABS retardador de llama, lo cual garantiza que de presentarse alguna falla, el equipo no es susceptible de prender fuego Nuestro diseño sin ventilador a la par con una estructura excepcional de enfriamiento constituye la solución ideal para ambientes silenciosos con menos ruido e interferencias de lo que genera el movimiento de componentes internos.', 'https://www.alkomprar.com/medias/798302107694-001-750Wx750H?context=bWFzdGVyfGltYWdlc3wxMDkzMzd8aW1hZ2UvanBlZ3xpbWFnZXMvaDMzL2gxZi84ODM5NTYwNTI3OTAyLmpwZ3xhZGI4ZTYyNWYwMTg1ZTNjNDM0MTZjNTIwNzBmYzBhNjUxMjU4ZTIyMjYwYjk3YTYwN2NhZWVjMzEwNzdiZDZi', '', '299900', NULL, NULL, NULL, '2019-09-23 16:35:45'),
(1452, 47, 42, 88, 'Cable BELKIN 30 Pines /USB/1,2 Mt para i Pad, i Pod Negro', 'Cuenta con conexión apuertos USB Ademas puedes conectarlo a tu portatil y descargar tus fotos y videos Ideal para cargar de manera segura tu dispositivo movil Cuenta con conexión apuertos USB Ademas puedes conectarlo a tu portatil y descargar tus fotos y videos Ideal para cargar de manera segura tu dispositivo movil', 'https://www.alkomprar.com/medias/722868907160-001-750Wx750H?context=bWFzdGVyfGltYWdlc3wxNjk0M3xpbWFnZS9qcGVnfGltYWdlcy9oYmMvaDQ3Lzg4MzQwMzEwMjYyMDYuanBnfDIyMjAwM2EwZDIzMTFjZGYzNjJiZTlmMTUwYTI0ZDU3NzdkZjQ0MTAxZjdmZDQ2ODdjZGVhMzUyNmEwNWFiNWY', '', '40900', NULL, NULL, NULL, '2019-09-23 16:35:46'),
(1453, 47, 42, 88, 'Cargador BELKIN Pared carga rapida USB/USB 10V - Negro', 'Es un cargador universa puedes incluso llevaro a tus viajes Puerto USB 2.1 para cargar de manera rapida con un peso de tan solo 16 gramos que lo hace totalmente ligero Es un cargador universa puedes incluso llevaro a tus viajes Puerto USB 2.1 para cargar de manera rapida con un peso de tan solo 16 gramos que lo hace totalmente ligero', 'https://www.alkomprar.com/medias/722868929889-001-750Wx750H?context=bWFzdGVyfGltYWdlc3w0MzI2N3xpbWFnZS9qcGVnfGltYWdlcy9oOGMvaDY4Lzg4MzQwNDk5MDA1NzQuanBnfDM4NDU2ZTFlNmUyNDcyZjllMTk0ZjExZDEyYzMzNzAyOWUwZTMzYjc1Nzk5MmEzYTM0MWRkYzgzMDJlZGI1OTk', '', '62900', NULL, NULL, NULL, '2019-09-23 16:35:46'),
(1454, 47, 42, 88, 'Cable ESENSES USB / Micro + Adaptador Lightning para iPhone, 1mt-Blanco-Negro', 'Este cable te permite realizr carga y transferencia de datos Su cobertura de 1 metro en el cable Gracias a el alambre de cobre lo hace resistente Este cable te permite realizr carga y transferencia de datos Su cobertura de 1 metro en el cable Gracias a el alambre de cobre lo hace resistente', 'https://www.alkomprar.com/medias/7707278177658-001-750Wx750H?context=bWFzdGVyfGltYWdlc3wyNDc2N3xpbWFnZS9qcGVnfGltYWdlcy9oMTcvaDk5Lzg5NTQ2NTk2Njc5OTguanBnfDlmOGZlNTQ2MTE3MTlkYjExMzU4ZWMyZjdmM2M1YzkyOWUzMTRmYzMzYjM5YzM0ODk5ZGJjZDlhZDUyYzc5NWU', '', '12900', NULL, NULL, NULL, '2019-09-23 16:35:47'),
(1455, 47, 42, 88, 'Cable BESTCOM HDMI a HDMI 9.1 MT- Negro', 'HDMI - HDMI Cable de 9.1 Metros Velocidad maxima para una mejor calidad de imagen y sonido HDMI - HDMI Cable de 9.1 Metros Velocidad maxima para una mejor calidad de imagen y sonido', 'https://www.alkomprar.com/medias/7707361824506-001-750Wx750H?context=bWFzdGVyfGltYWdlc3wxMTM2Nzh8aW1hZ2UvanBlZ3xpbWFnZXMvaGEyL2hkMi84OTU1NzMwNzIyODQ2LmpwZ3w0MzUyMTM0YmQ4YWNhM2FhOTQ0MjViYTU2YTk3MWZlYTBiZjc5YzFmOTk1NjBhM2NiMTBmZGE2ZjNkN2Y0NmRk', '', '111900', NULL, NULL, NULL, '2019-09-23 16:35:47'),
(1456, 47, 42, 88, 'Cable HDMI MINI HDMI BESTCOM Video/Audio full hd 1.83 Mt-Negro', 'Transmite señal de audio y video digital en alta definicion Ofrece imágenes mas reales y colores mas vivos Puede eliminar la interferencia hasta en un 100% Transmite señal de audio y video digital en alta definicion Ofrece imágenes mas reales y colores mas vivos Puede eliminar la interferencia hasta en un 100%', 'https://www.alkomprar.com/medias/7707361820447-001-750Wx750H?context=bWFzdGVyfGltYWdlc3w0NzE4NHxpbWFnZS9qcGVnfGltYWdlcy9oYTEvaGRkLzg5NTU1OTU4NDk3NTguanBnfGU5OTFhN2ZiMzZhNDVlY2U1NzhiOGM4MWYwZmU2MTYxZmIyOTg0ODlkYzlhNjY1MzFkZTk0NDY4OTI0ODQyMDc', '', '36900', NULL, NULL, NULL, '2019-09-23 16:35:48'),
(1457, 47, 25, 102, 'Micrófono KALLEY Inalámbrico 2 Mic K-MID100', 'Con posibilidad de uso de dos micrófonos con excelente calidad en simultaneo Perfecto para conferencias y entretenimiento brindando un máximo de 6 horas continúo Alcance en espacios abiertos hasta 60 metros Antenas de largo alcance Bateria AA 1.5 V dura hasta 5 horas en uso continuo Con posibilidad de uso de dos micrófonos con excelente calidad en simultaneo Perfecto para conferencias y entretenimiento brindando un máximo de 6 horas continúo Alcance en espacios abiertos hasta 60 metros Antenas de largo alcance Bateria AA 1.5 V dura hasta 5 horas en uso continuo', 'https://www.alkomprar.com/medias/7705946473989-001-750Wx750H?context=bWFzdGVyfGltYWdlc3w5NzAyNHxpbWFnZS9qcGVnfGltYWdlcy9oYWMvaGY5LzkxNDUxOTA0ODE5NTAuanBnfGMwNmMwNGVkOGMzYjlkNGMxZDBmMjdhM2Y3NzhkOTAyZGRiOTc1ZWY3MzY1NjUxZjkwN2U1NDJiMTc3ZmVhY2I', '', '549900', NULL, NULL, NULL, '2019-09-23 16:36:04'),
(1458, 47, 25, 102, 'Micrófonio KALLEY Inalámbrico K-MI99M', 'Disfrutar una amplificación de sonido a un nivel superior hasta por 6 horas continuas. Te permitirá disfrutar de libre movilidad hasta de 80 metros Indicador de voltaje para informacion de cambio de bateria Disfrutar una amplificación de sonido a un nivel superior hasta por 6 horas continuas. Te permitirá disfrutar de libre movilidad hasta de 80 metros Indicador de voltaje para informacion de cambio de bateria', 'https://www.alkomprar.com/medias/7705946473996-001-750Wx750H?context=bWFzdGVyfGltYWdlc3w3NjMzNHxpbWFnZS9qcGVnfGltYWdlcy9oZjMvaDk4LzkxNDUxOTEwNzE3NzQuanBnfDM0MjU2ZGEyMjQ3Y2Q0MGRhN2MwYTFjNTRjODI1YmE5YmE4YjE0YzhiMzM4ZmZkMTViNGViOTQyOTY4ZmFlOGI', '', '249900', NULL, NULL, NULL, '2019-09-23 16:36:04'),
(1459, 47, 25, 102, 'Soporte Bose de pared o de techo UB-20 serie II compatible con Surround Speakers', 'Compatible con Parlantes Bose Surround Funcionales para Pared o Techo Material Resistente Zinc fundido Ajuste vertical y horizontal Compatible con Parlantes Bose Surround Funcionales para Pared o Techo Material Resistente Zinc fundido Ajuste vertical y horizontal', 'https://www.alkomprar.com/medias/017817662598-001-750Wx750H?context=bWFzdGVyfGltYWdlc3w2MDIwOTV8aW1hZ2UvcG5nfGltYWdlcy9oZDYvaDZjLzkxMjQxMjEzNDYwNzgucG5nfGVhMDNmYzNlMjM1NmY0NGNjYzFlMGVkMTg4MmU2MzhmNDU3NzhkMDc3MzUzNDFkNDJhMDdiZjc3ZmRmZDM4ODE', '', '124900', NULL, NULL, NULL, '2019-09-23 16:36:05'),
(1460, 47, 25, 90, 'Audífonos KLIP XTREME Inal InEar Bluetoo Ng', 'Los audifonos ergonomicos y ultralivianos combinan un ajuste perfecto Resistente a salpicaduras autonomia de hasta 6 horas de reproduccion Los audifonos ergonomicos y ultralivianos combinan un ajuste perfecto Resistente a salpicaduras autonomia de hasta 6 horas de reproduccion', 'https://www.alkomprar.com/medias/798302077706-001-750Wx750H?context=bWFzdGVyfGltYWdlc3wxMjUzMTl8aW1hZ2UvanBlZ3xpbWFnZXMvaGQ0L2g3ZC84ODM5NTM5Mjk0MjM4LmpwZ3xkOWYzZmNkNzViYmE2MDliOWUzMDI0ZDEzMjFlYzg4YjdhMmE0YTdiOTc3ZjM0OGI0MzVkZGJhODMxNjk1NWUy', '', '89900', NULL, NULL, NULL, '2019-09-23 16:36:06'),
(1461, 47, 25, 90, 'Audífonos KLIP XTREME Alámbrico OnEar M/ClVol Rojo', 'Brinda comodidad además aísla efectivamente el ruido de fondo El equilibrio perfecto entre lo práctico y un sonido excepcional Botón multifunción (Pausa/Reproducir/Próxima pista/Contestar/Colgar) Brinda comodidad además aísla efectivamente el ruido de fondo El equilibrio perfecto entre lo práctico y un sonido excepcional Botón multifunción (Pausa/Reproducir/Próxima pista/Contestar/Colgar)', 'https://www.alkomprar.com/medias/798302077270-001-750Wx750H?context=bWFzdGVyfGltYWdlc3wzMzg4N3xpbWFnZS9qcGVnfGltYWdlcy9oYTUvaDI4Lzg4Mzk1MzIyMTYzNTAuanBnfGE5MTQ3ZDMyMDFhNmExNDQ0M2E1ZmVjMjFhNDcwYjA1YTMyMTI1MjAxMjYxNTI0ZjljZDYyZDBiMmRiNzI1MmU', '', '39900', NULL, NULL, NULL, '2019-09-23 16:36:07'),
(1462, 47, 25, 103, 'Parlante portátil SONY EXTRA BASS™ XB31 con Bluetooth Blanco', 'Potencia tus canciones de fiesta con EXTRA BASS™. Modo de sonido LIVE Anima un poco mas tu fiesta con Party Booster Anima el ambiente con Wireless Party Chain Totalmente lavable y a prueba de agua Potencia tus canciones de fiesta con EXTRA BASS™. Modo de sonido LIVE Anima un poco mas tu fiesta con Party Booster Anima el ambiente con Wireless Party Chain Totalmente lavable y a prueba de agua', 'https://www.alkomprar.com/medias/4548736073616-001-750Wx750H?context=bWFzdGVyfGltYWdlc3w1OTExMHxpbWFnZS9qcGVnfGltYWdlcy9oNTMvaGU4Lzg4Nzk5NzQ2MTMwMjIuanBnfGYyYmQ0MjBhMDY2ZjE2NjY1OTA5MjFiMjhiN2NkNWYzN2I2NGVmYWEzZWY1NWJiMjMzMmZhYmY4ODQ4NjQxYjc', '', '379900', NULL, NULL, NULL, '2019-09-23 16:36:07'),
(1463, 47, 25, 90, 'Audífonos HUAWEI uawei Alam InEar ML BL', 'Control remoto de tres botones sencillo y practico Sonido nitido y claro de alta calidad con poderosos bajos y agudos microfono en linea boton para atender y finalizar llamadas Control remoto de tres botones sencillo y practico Sonido nitido y claro de alta calidad con poderosos bajos y agudos microfono en linea boton para atender y finalizar llamadas', 'https://www.alkomprar.com/medias/6901443152742-001-750Wx750H?context=bWFzdGVyfGltYWdlc3wzNjM1OHxpbWFnZS9qcGVnfGltYWdlcy9oMmQvaGMxLzg4OTUyMzc1MjE0MzguanBnfGQ2ZDBmODA3YWRjNTNiYjQ0M2I1M2VmM2E2MjBjYjEyNGQxMzRkMjgyZWJjMzk4NmQ4Y2M5NWUzYWEyYWNmNTc', '', '29900', NULL, NULL, NULL, '2019-09-23 16:36:08'),
(1464, 47, 25, 90, 'Audífonos SONY Bluet OnEar WH1000 M2', 'Noise cancelling personalizado Noise cancelling diseñado para volar Libertad inalámbrica sin ruido Oye lo importante con el control de sonido ambiental Sonido realmente auténtico Noise cancelling personalizado Noise cancelling diseñado para volar Libertad inalámbrica sin ruido Oye lo importante con el control de sonido ambiental Sonido realmente auténtico', 'https://www.alkomprar.com/medias/027242906143-001-750Wx750H?context=bWFzdGVyfGltYWdlc3wzMjQwNXxpbWFnZS9qcGVnfGltYWdlcy9oODYvaDQwLzg4MDgzNjg0MzkzMjYuanBnfGIxNjdlZGEwZDEwOTJjYzBhNDk0YjY0NmIzNjRjZDMxOTc0MjAwMWU1MWQ1ZWIwY2ZiMjg5YTExNWUzNWJlOWQ', '', '999000', NULL, NULL, NULL, '2019-09-23 16:36:09'),
(1465, 47, 25, 104, 'Parlante Auto SONY XS-FB1030', 'Potencia máxima 220W Diafragma del woofer: Paño con recubrimiento de goma Diseño compacto y fácil de usar Con un imán del woofer en ferrita Potencia máxima 220W Diafragma del woofer: Paño con recubrimiento de goma Diseño compacto y fácil de usar Con un imán del woofer en ferrita', 'https://www.alkomprar.com/medias/4905524971187-001-750Wx750H?context=bWFzdGVyfGltYWdlc3w1MzA4OHxpbWFnZS9qcGVnfGltYWdlcy9oM2YvaDkzLzg4OTEzMjI5OTA2MjIuanBnfGU0N2MwMjVmZWU5YmZiZWM0MjQ1MjczNDYyZWRiZWE3NjRlN2I2Yjc3NGNjNGNmZmRhMmU1YmRmNmU1ZTdlNmI', '', '89900', NULL, NULL, NULL, '2019-09-23 16:36:10'),
(1466, 47, 25, 103, 'Barra Sonido SONY HT-X9000F', 'Escucha el sonido desde todas las direcciones con sonido Surround 7.1.2 máximo Disfruta de todas tus películas en calidad 4K HDR 10 Modos de sonido acordes a tu entretenimiento Transmite con tecnología Bluetooth® Dolby ATMOS y DTSX Escucha el sonido desde todas las direcciones con sonido Surround 7.1.2 máximo Disfruta de todas tus películas en calidad 4K HDR 10 Modos de sonido acordes a tu entretenimiento Transmite con tecnología Bluetooth® Dolby ATMOS y DTSX', 'https://www.alkomprar.com/medias/4548736067530-001-750Wx750H?context=bWFzdGVyfGltYWdlc3wxNTQyN3xpbWFnZS9qcGVnfGltYWdlcy9oMDgvaDhmLzkxMDcyODYwNjUxODIuanBnfGYxZTE0YTRlOWM4ZTdjMTQxODE0ODg0ZTBkOTk0ZTdmODZjYTI2NmE1MjU4MTA0M2ZjMTY4YzdmNjAwMGFiZGY', '', '1399900', NULL, NULL, NULL, '2019-09-23 16:36:11'),
(1467, 47, 25, 105, 'Radio Portable SONY ICF-P36', 'Sintonizador de radio AM/FM integrado Correa de mano integrada para una mayor portabilidad Toma para audífonos dedicada para un audio personal Indicadores de estado de batería y sintonización LED Funciona con 2 baterías AA Sintonizador de radio AM/FM integrado Correa de mano integrada para una mayor portabilidad Toma para audífonos dedicada para un audio personal Indicadores de estado de batería y sintonización LED Funciona con 2 baterías AA', 'https://www.alkomprar.com/medias/4905524975741-001-750Wx750H?context=bWFzdGVyfGltYWdlc3w0NTEwNXxpbWFnZS9qcGVnfGltYWdlcy9oOTYvaGJmLzg4OTEzNDg5NDI4NzguanBnfDFkZDFjNTQ5ZTQ2YmQ2Y2ZlNmZhM2ZiM2M1MmQwOTI4MjMwZjA0MzNiNmZlNTI0OTc3OGEwZWUwNTBmYWY3OWE', '', '94900', NULL, NULL, NULL, '2019-09-23 16:36:11'),
(1468, 47, 25, 90, 'Audífonos SONY Bluet InEar WI1000 Ng', 'Noise cancelling digital Noise cancelling diseñado para volar Sonido realmente auténtico Batería de 10 horas en modo inalámbrico Adaptador de enchufe para avión Noise cancelling digital Noise cancelling diseñado para volar Sonido realmente auténtico Batería de 10 horas en modo inalámbrico Adaptador de enchufe para avión', 'https://www.alkomprar.com/medias/027242906150-001-750Wx750H?context=bWFzdGVyfGltYWdlc3wyMjgyMnxpbWFnZS9qcGVnfGltYWdlcy9oMTQvaGZlLzg4MDgzNzQzMzc1NjYuanBnfGI5MDNiMzdkYzQ2NGU4ZDJmODUyZjAyMWE3NmQxMzEzNjRlYTVlNjZlNjNmYWEyMWRmOTc1OTA3MjEzMDJiNzM', '', '899000', NULL, NULL, NULL, '2019-09-23 16:36:12'),
(1469, 47, 25, 90, 'Audífonos SONY Alámbrico OnEar ML XB550 Verde', 'Los graves marcan la diferencia Hechos para adaptarse a ti Estilo atrevido, tacto suave Responde llamadas, cambia de canción Los graves marcan la diferencia Hechos para adaptarse a ti Estilo atrevido, tacto suave Responde llamadas, cambia de canción', 'https://www.alkomprar.com/medias/4548736045958-001-750Wx750H?context=bWFzdGVyfGltYWdlc3wzNjA2MXxpbWFnZS9qcGVnfGltYWdlcy9oM2IvaGJmLzg4Nzg4NjI5MjU4NTQuanBnfDA4YjJmODNmMTZkNTJlNDY3MjJmZTRkNzk2NzkyYmM3ZTYxZDg5M2VkOGQ2MmViMTljZThjYThjOWRmM2Q0M2U', '', '119900', NULL, NULL, NULL, '2019-09-23 16:36:13'),
(1470, 47, 25, 90, 'Audífonos SONY OnEar Alámbrico XB510AS Negro', 'Potencia tu rendimiento Olvídate de las condiciones meteorológicas Hechos para moverse contigo Elige tu colorElige el color que se adapta a tu estilo Potencia tu rendimiento Olvídate de las condiciones meteorológicas Hechos para moverse contigo Elige tu colorElige el color que se adapta a tu estilo', 'https://www.alkomprar.com/medias/027242902923-001-750Wx750H?context=bWFzdGVyfGltYWdlc3wyNTE3N3xpbWFnZS9qcGVnfGltYWdlcy9oOGYvaDJlLzg4MDgzNTg0MTIzMTguanBnfDVlNzQxM2EzMzM1OTFkZjdkNWJkMWZiZDgzNTdjYTA4ZGQwYTAzMDdlMjdlYjI1MTRlZGU4OTVmMzhiZjcyZTU', '', '119000', NULL, NULL, NULL, '2019-09-23 16:36:14'),
(1471, 47, 25, 90, 'Audífonos SONY Bluet InEar WIC400 Bl', 'Transmite de forma sencilla el sonido One Touch a traves de bluetooth Haz que la musica siga sonando con hasta 20 horas de baeria El diseño de sujecion por detras del cuello ofrece un ajuste comodo Sincroniza los audifonos con tu smartphone recibe alertas de mensajes Transmite de forma sencilla el sonido One Touch a traves de bluetooth Haz que la musica siga sonando con hasta 20 horas de baeria El diseño de sujecion por detras del cuello ofrece un ajuste comodo Sincroniza los audifonos con tu smartphone recibe alertas de mensajes', 'https://www.alkomprar.com/medias/027242907232-001-750Wx750H?context=bWFzdGVyfGltYWdlc3wzODQ5NXxpbWFnZS9qcGVnfGltYWdlcy9oOGMvaGM3Lzg4MDg0MTc5ODQ1NDIuanBnfGYyY2U1NjJlNmIxZjA2NDEzNDBhYjk1MzAzOTMyYWIwNzU5ZjUwM2ZiMDM3OTczOWQ0ZjNjNDFiM2JlNzg2Yzk', '', '179900', NULL, NULL, NULL, '2019-09-23 16:36:14'),
(1472, 47, 25, 90, 'Audifono y Reproductor SONY NW-WS413GM 4GB Deportivo', 'Tapones estándar y resistentes al agua para un audio versátil 12 horas de batería y por carga rápida en 3 min da una carga de 60 min Modo de sonido ambiental, con micrófonos integrados Resistente al agua incluso salada y una profundidad de 2m por 30 min Diseñado para temperaturas extremas, resistente a polvo y arena Tapones estándar y resistentes al agua para un audio versátil 12 horas de batería y por carga rápida en 3 min da una carga de 60 min Modo de sonido ambiental, con micrófonos integrados Resistente al agua incluso salada y una profundidad de 2m por 30 min Diseñado para temperaturas extremas, resistente a polvo y arena', 'https://www.alkomprar.com/medias/4548736020719-001-750Wx750H?context=bWFzdGVyfGltYWdlc3wzMzk2MXxpbWFnZS9qcGVnfGltYWdlcy9oM2IvaDkxLzg4Nzg3NTc5MzcxODIuanBnfDk4Y2NjNjg3OTZlNzdlYmQ2MjdkMjFjN2ZkMWUzYTgwOTVlYjVjZDc0OTJiYjY5MGFjY2RhOGMyZjJkNzkxMWM', '', '319900', NULL, NULL, NULL, '2019-09-23 16:36:15'),
(1473, 47, 25, 90, 'Audifono y Reproductor SONY NW-WS413LM 4GB Deportivo', 'Tapones estándar y resistentes al agua para un audio versátil 12 horas de batería y por carga rápida en 3 min da una carga de 60 min Modo de sonido ambiental, con micrófonos integrados Resistente al agua incluso salada y una profundidad de 2m por 30 min Diseñado para temperaturas extremas, resistente a polvo y arena Tapones estándar y resistentes al agua para un audio versátil 12 horas de batería y por carga rápida en 3 min da una carga de 60 min Modo de sonido ambiental, con micrófonos integrados Resistente al agua incluso salada y una profundidad de 2m por 30 min Diseñado para temperaturas extremas, resistente a polvo y arena', 'https://www.alkomprar.com/medias/4548736020726-001-750Wx750H?context=bWFzdGVyfGltYWdlc3wzNjYwNHxpbWFnZS9qcGVnfGltYWdlcy9oNGUvaGFkLzg4Nzg3NTkxMTY4MzAuanBnfGFkMDFiOTFlNmVjY2ZiMDU1NDBjNTYwZWIxZjBhZmZmMGM0NjcyMWYyYTM2MDk4YjY1NDY2MjgwNzc2MTE5ZjY', '', '319900', NULL, NULL, NULL, '2019-09-23 16:36:15'),
(1474, 47, 25, 103, 'Equipo Minicomponente SONY MHC-V90 2000W', 'Potencia de 2000w Control de gestos Karaoke Party Chain Futbol Mode Potencia de 2000w Control de gestos Karaoke Party Chain Futbol Mode', 'https://www.alkomprar.com/medias/4548736046955-001-750Wx750H?context=bWFzdGVyfGltYWdlc3wzNzQyMnxpbWFnZS9qcGVnfGltYWdlcy9oNzYvaDJlLzg4Nzg4NjQxMDU1MDIuanBnfDQxZjExYjE2YzY0YjU5YzNhNzA4Mjk2MGRlZmM3N2Q4NGM0ZDBlYjczODE1NGFkYzQ0MGIyZDM2MDU0ODQzNTM', '', '2699900', NULL, NULL, NULL, '2019-09-23 16:36:16'),
(1475, 47, 25, 104, 'Radio Auto SONY 1 Din con USB DSX-A110U', 'EXTRA BASS™ agrega potencia a cada línea de graves Personaliza el sonido con el ecualizador de 10 bandas Conecta tu dispositivo portátil mediante USB Pantalla LCD de alineación vertical para una lectura sencilla Combínalo con los parlantes de Sony para disfrutar de un sonido mejor EXTRA BASS™ agrega potencia a cada línea de graves Personaliza el sonido con el ecualizador de 10 bandas Conecta tu dispositivo portátil mediante USB Pantalla LCD de alineación vertical para una lectura sencilla Combínalo con los parlantes de Sony para disfrutar de un sonido mejor', 'https://www.alkomprar.com/medias/027242905627-001-750Wx750H?context=bWFzdGVyfGltYWdlc3wxMDQ1MjN8aW1hZ2UvanBlZ3xpbWFnZXMvaDViL2hiYi85MTE5MTM4NDQ3MzkwLmpwZ3w2OWNhY2YxZWM1ZjZkOTAzYmUzM2NhN2MyNDExNjQwOGVkYzYwMzg3N2ZhZDI0YTRjOGQ5NDE4NzkzZmY0ZWY5', '', '229900', NULL, NULL, NULL, '2019-09-23 16:36:16'),
(1476, 47, 25, 103, 'Equipo Minicomponente SONY MHC-M80D 2775W', 'Audio de cine envolvente Modo DJ Karaoke HDMI Futbol Mode Audio de cine envolvente Modo DJ Karaoke HDMI Futbol Mode', 'https://www.alkomprar.com/medias/4548736070998-001-750Wx750H?context=bWFzdGVyfGltYWdlc3wxNDMxMzF8aW1hZ2UvanBlZ3xpbWFnZXMvaDBlL2g4Ni85MTE4NTU0NTU0Mzk4LmpwZ3w2MWIzMmRkZmUwMmE2YmI0NTE4ZjUyM2M2MzE4MGZkMTYwMmFiZTlmYzg2ODUxMTdiNThkNGY2OTFjYzM3ZTUw', '', '1399900', NULL, NULL, NULL, '2019-09-23 16:36:17'),
(1477, 47, 25, 103, 'Equipo Minicomponente SONY MHC-M60D', 'Mega Bass ClearAudio Modo DJ Karaoke HDMI Mega Bass ClearAudio Modo DJ Karaoke HDMI', 'https://www.alkomprar.com/medias/4548736071001-001-750Wx750H?context=bWFzdGVyfGltYWdlc3wyNTE2N3xpbWFnZS9qcGVnfGltYWdlcy9oYTYvaDNlLzg4Nzk5NTg2ODc3NzQuanBnfDNlMDg1NmYxZDY2YTJmYWE4YzBjZWE0N2ZjNTFiMThiNzc1ZWYzODNjZTdkMjFjMmU3MzQ1ZGRmZDdiMDY0M2U', '', '1199900', NULL, NULL, NULL, '2019-09-23 16:36:18'),
(1478, 47, 25, 103, 'Barra de sonido HT-S100F Bt', 'Transmite con tecnología Bluetooth® Disfruta de un sonido que te envuelve Conéctate mediante USB Un parlante que ofrece unos graves impactantes Perfecto para disfrutar de programas de televisión y música Transmite con tecnología Bluetooth® Disfruta de un sonido que te envuelve Conéctate mediante USB Un parlante que ofrece unos graves impactantes Perfecto para disfrutar de programas de televisión y música', 'https://www.alkomprar.com/medias/4548736067431-001-750Wx750H?context=bWFzdGVyfGltYWdlc3wxMjUxNHxpbWFnZS9qcGVnfGltYWdlcy9oZGQvaDM3LzkwNTI2OTAyNTE4MDYuanBnfDcxYjk3Y2E5MTlmOTk2ODI4ZWUzZWI0ZWMxYTljYWI2MGNiNGM3NTAwYmYyYmVmNjk2OTQyMzQ3ZDZhY2MyMjE', '', '449900', NULL, NULL, NULL, '2019-09-23 16:36:18'),
(1479, 47, 25, 105, 'Radio SONY ICF-19', 'Lleve la radio donde quiera gracias a la correa de transporte incluida Gran sonido para todas tus emisoras con un potente parlante monoaural Sintonizacion analogica de emisoras de radio FM y AM Escucha sin cables con 3 baterías D Lleve la radio donde quiera gracias a la correa de transporte incluida Gran sonido para todas tus emisoras con un potente parlante monoaural Sintonizacion analogica de emisoras de radio FM y AM Escucha sin cables con 3 baterías D', 'https://www.alkomprar.com/medias/4548736054073-001-750Wx750H?context=bWFzdGVyfGltYWdlc3w1MDkxMHxpbWFnZS9qcGVnfGltYWdlcy9oYTUvaDkxLzg4NzkxMTM3OTc2NjIuanBnfDQ2MGIxNDlhYTZjMWI3NjI0YzcwNTVmMmQ5NWM1YzNiOTgxZmQzMjk2ODg4ZGI5NzkxMzgyYTgxZDMyZjJkMmQ', '', '94900', NULL, NULL, NULL, '2019-09-23 16:36:19'),
(1480, 47, 25, 102, 'Soporte de Piso Bose UFS-20 II', 'Agradable y Liviano Se adapta a la perfeccción con el sistema Bose. Delgado pero robusto y muy moderno Elegantes, resistentes y bien hechos fáciles de montar y se pueden colocar discretamente donde los necesite. Agradable y Liviano Se adapta a la perfeccción con el sistema Bose. Delgado pero robusto y muy moderno Elegantes, resistentes y bien hechos fáciles de montar y se pueden colocar discretamente donde los necesite.', 'https://www.alkomprar.com/medias/017817662581-001-750Wx750H?context=bWFzdGVyfGltYWdlc3wxMzgyN3xpbWFnZS9qcGVnfGltYWdlcy9oOGEvaGM3Lzg4MDIwOTQ1NDY5NzQuanBnfDFlN2M0YzVlMzYxYTYwYzFlNjNiNGZiYTJlNjVmMzQ2NDBhNmUxNWFlN2JjMzVhYTgyZTE3MTZhZWE0NTFlMjY', '', '389900', NULL, NULL, NULL, '2019-09-23 16:36:20'),
(1481, 47, 1, 91, 'Celular HUAWEI P30 Lite 128GB Negro', 'Selfies naturales e insuperables con la cámara frontal de 32MP Cámara trasera cuádruple de 24MP + 8MP + 2MP, precisión en cada captura 128GB no hay límites para tus recuerdos Memoria RAM de 4GB, mejor rendimiento y calidad Selfies naturales e insuperables con la cámara frontal de 32MP Cámara trasera cuádruple de 24MP + 8MP + 2MP, precisión en cada captura 128GB no hay límites para tus recuerdos Memoria RAM de 4GB, mejor rendimiento y calidad', 'https://www.alkomprar.com/medias/6901443293070-008-750Wx750H?context=bWFzdGVyfGltYWdlc3w1ODAyOHxpbWFnZS9qcGVnfGltYWdlcy9oZWYvaGU1LzkwOTMzMDAxNTg0OTQuanBnfGFmNDY4N2RhNGNhYzBkZDkwOGIxYzI3YzMxNDdlMGJhYzZjZjFkM2I3ZmFmZDAxNGYwZDgxZTVmMjFlMGI2ZGE', '', '1199900', NULL, NULL, NULL, '2019-09-23 16:36:46'),
(1482, 47, 1, 91, 'Celular HUAWEI P30 - 128GB Azul|Morado', 'Cámara trasera cuádruple de 40MP + 16MP + 8MP, precisión en cada captura Zoom Híbrido 10X, calidad impecable en un acercamiento total 128GB no hay límites para tus recuerdos Memoria RAM de 6GB, mejor rendimiento y calidad Cámara trasera cuádruple de 40MP + 16MP + 8MP, precisión en cada captura Zoom Híbrido 10X, calidad impecable en un acercamiento total 128GB no hay límites para tus recuerdos Memoria RAM de 6GB, mejor rendimiento y calidad', 'https://www.alkomprar.com/medias/6901443293124-001-750Wx750H?context=bWFzdGVyfGltYWdlc3w2MDA1MXxpbWFnZS9qcGVnfGltYWdlcy9oY2YvaDg3LzkwOTMyOTEyNDU1OTguanBnfDJhYjU5MjRjMjEyMjE3NTc2MDAzMjdlNzM2NTQ4OTEwYWJkMTI3NzdiYmIyNzdjZDcyMjc3NWVjYmIzMTg2Yjc', '', '1999900', NULL, NULL, NULL, '2019-09-23 16:36:46'),
(1483, 47, 1, 91, 'Celular SAMSUNG Galaxy A6+ 32GB Dorado', 'Cámara trasera de 16MP, capta tus lugares vistos Cámara frontal de 24MP con flash, para selfies magníficas Lector de huella, fácil bloqueo y desbloqueo Reconocimiento facial, tan solo con sostenerlo sabrá que eres tú Cámara trasera de 16MP, capta tus lugares vistos Cámara frontal de 24MP con flash, para selfies magníficas Lector de huella, fácil bloqueo y desbloqueo Reconocimiento facial, tan solo con sostenerlo sabrá que eres tú', 'https://www.alkomprar.com/medias/8801643323790-001-750Wx750H?context=bWFzdGVyfGltYWdlc3w1NDE2M3xpbWFnZS9qcGVnfGltYWdlcy9oM2EvaDM2Lzg5NjU1NTQ4NjQxNTguanBnfGYyMTA5NmM3M2M4OTU1NzdkODc5OTJmNzYzNGQ2ZWMzMDNhNDdjN2JkMDM4ZDUxNTFmMGY0ZDM3MjE1YzU2M2Y', '', '899900', NULL, NULL, NULL, '2019-09-23 16:36:47'),
(1484, 47, 1, 91, 'Celular ALCATEL 1C 8GB Negro', 'Cámara frontal de 5MP, para selfies alocadas Batería de 2.000mAh, te acompaña todo el día Cámara trasera de 8MP, capta tus lugares favoritos 8GB el espacio ideal para todos tus recuerdos Cámara frontal de 5MP, para selfies alocadas Batería de 2.000mAh, te acompaña todo el día Cámara trasera de 8MP, capta tus lugares favoritos 8GB el espacio ideal para todos tus recuerdos', 'https://www.alkomprar.com/medias/4894461792316-001-750Wx750H?context=bWFzdGVyfGltYWdlc3w1Mzk5OXxpbWFnZS9qcGVnfGltYWdlcy9oYzAvaGQ0LzkxMDcyNjExNjE1MDIuanBnfGY4ZDMxMWViOWNkZTk0MWNmZTFkNTNhZTk1MTgxYmQ3OTJjY2VkODBiNTVhODEyYjI0YjZmZjQ1MzM3OGZjN2U', '', '209000', NULL, NULL, NULL, '2019-09-23 16:36:48'),
(1485, 47, 1, 91, 'Celular SAMSUNG Galaxy Note 10+ DS 256 GB Plateado', 'Poder para que dure todo el día. Más poder. Más velocidad. Más espacio de almacenamiento. Almacenamiento como el de una computadora portátil. Poder para que dure todo el día. Más poder. Más velocidad. Más espacio de almacenamiento. Almacenamiento como el de una computadora portátil.', 'https://www.alkomprar.com/medias/7707222704350-001-750Wx750H?context=bWFzdGVyfGltYWdlc3wxMjc2MzZ8aW1hZ2UvcG5nfGltYWdlcy9oNmMvaDMzLzkxNDU3MjIwNDQ0NDYucG5nfDc0NzAwNjYwYjk5NDZiYzI0ZjAxODBkMDI5NGMyMDg1MTA0MzZiMmQ2ODY2ZGVjY2Q5ZTM2YmQ4MGYyZmQ3ZDI', '', '4399900', NULL, NULL, NULL, '2019-09-23 16:36:48'),
(1486, 47, 1, 91, 'Celular SAMSUNG Galaxy Note 10+ DS 256 GB Blanco', 'Poder para que dure todo el día. Más poder. Más velocidad. Más espacio de almacenamiento. Almacenamiento como el de una computadora portátil. Poder para que dure todo el día. Más poder. Más velocidad. Más espacio de almacenamiento. Almacenamiento como el de una computadora portátil.', 'https://www.alkomprar.com/medias/7707222704367-001-750Wx750H?context=bWFzdGVyfGltYWdlc3wxMjAxMTF8aW1hZ2UvcG5nfGltYWdlcy9oODIvaDBkLzkxNDU3MjY3NjMwMzgucG5nfDBkY2UxOGQwMjUzMzMxNTRlMzBmOGUxM2ZkZmI4YjYzZTYyNWMxMDNjMzRjYzU5OGQzYzljOGZjMjc3MDk4MzI', '', '4399900', NULL, NULL, NULL, '2019-09-23 16:36:49'),
(1487, 47, 1, 91, 'Celular XIAOMI MI 9T 128GB Negro', 'Procesador Snapdragon 730 para un mejor rendimiento Huella dactilar en la pantalla con 100% de detección. Cámara trásera de 48 MPX con IA Dispara tus selfies con gestos gracias al Palm Shutter Procesador Snapdragon 730 para un mejor rendimiento Huella dactilar en la pantalla con 100% de detección. Cámara trásera de 48 MPX con IA Dispara tus selfies con gestos gracias al Palm Shutter', 'https://www.alkomprar.com/medias/6941059624608-001-750Wx750H?context=bWFzdGVyfGltYWdlc3wxMTg4MDZ8aW1hZ2UvanBlZ3xpbWFnZXMvaDU3L2g3Ny85MTM1NDI1ODgwMDk0LmpwZ3wxNDdmODhmNWViMGIzM2Q3MWQwMTFjZGYxZTk4OWM0NDAwOWIwOGMyYTYyYTkyMTZjNzA2NTYyY2NmNDRkN2Nh', '', '1599900', NULL, NULL, NULL, '2019-09-23 16:36:49'),
(1488, 47, 1, 91, 'Celular HONOR 20 - 128GB Azul', 'Inspiración, Creatividad, Belleza en diseño y con una espectacular pantalla Infinita 6.26". Captura selfies con 32MP de resolución increíble. Cámara frontal perforada de tan solo 4,50 mm en pantalla. Poder conectado a la inteligencia, El primer procesador AI de 7nm en el mundo. Con Tu Honor 20 tienes más velocidad y más capacidad. Memoria interna 128GB + RAM 6GB. Inspiración, Creatividad, Belleza en diseño y con una espectacular pantalla Infinita 6.26". Captura selfies con 32MP de resolución increíble. Cámara frontal perforada de tan solo 4,50 mm en pantalla. Poder conectado a la inteligencia, El primer procesador AI de 7nm en el mundo. Con Tu Honor 20 tienes más velocidad y más capacidad. Memoria interna 128GB + RAM 6GB.', 'https://www.alkomprar.com/medias/6901443308699-010-750Wx750H?context=bWFzdGVyfGltYWdlc3wxOTUyMjV8aW1hZ2UvanBlZ3xpbWFnZXMvaDQzL2g2MC85MTM3ODY2NzM1NjQ2LmpwZ3w0YTE0MTNkMzc1OTdhYjQ5MzI2ODVmNmIyNWU0MzcwZjhmOTg3ZGUwYmYwZWVkZTI3Y2Y4NDk5Yjk3MTY4MjBj', '', '1759900', NULL, NULL, NULL, '2019-09-23 16:36:50'),
(1489, 47, 1, 91, 'Celular SAMSUNG Galaxy S10 Plus Ceramic 512GB DS 4G Blanco + Galaxy active Gris', 'S10 Plus Ceramic te ofrece el sensor de huella más seguro S10 Plus aprende tu rutina diaria y los patrones de uso Tu rutina diaria optimizada con una batería más inteligente S10 Plus Ceramic te ofrece el sensor de huella más seguro S10 Plus aprende tu rutina diaria y los patrones de uso Tu rutina diaria optimizada con una batería más inteligente', 'https://www.alkomprar.com/medias/7707222703612-001-750Wx750H?context=bWFzdGVyfGltYWdlc3wyMjE4Nzd8aW1hZ2UvanBlZ3xpbWFnZXMvaDgxL2g0MC85MTI5MDkxMDcyMDMwLmpwZ3wyNzMyNzAxNTJhZGM0OTA5MDdkNzM0ZmNkNDQ1M2I5M2ZmOWMzZTVhOWNkNDRhYTBmMTNmMzkyODllZDg4M2Ex', '', '4399900', NULL, NULL, NULL, '2019-09-23 16:36:50'),
(1490, 47, 1, 91, 'Celular SAMSUNG Galaxy S10 Plus Ceramic 512GB DS 4G Negro + Galaxy active Gris', 'S10 Plus Ceramic te ofrece el sensor de huella más seguro S10 Plus aprende tu rutina diaria y los patrones de uso Tu rutina diaria optimizada con una batería más inteligente S10 Plus Ceramic te ofrece el sensor de huella más seguro S10 Plus aprende tu rutina diaria y los patrones de uso Tu rutina diaria optimizada con una batería más inteligente', 'https://www.alkomprar.com/medias/7707222703629-001-750Wx750H?context=bWFzdGVyfGltYWdlc3wyMDA5MjN8aW1hZ2UvanBlZ3xpbWFnZXMvaDc2L2gxZC85MTI5MDg2MzUzNDM4LmpwZ3wyZmVjYjQ4YzM4YjAwNGEzOGU1NWNjYjE1MGU4Y2RiYjM1M2Y4MWQyNzFmOTI5OWExMzZjODAxZGRiYzU0Y2Nj', '', '4399900', NULL, NULL, NULL, '2019-09-23 16:36:51'),
(1491, 47, 1, 91, 'Celular HONOR View10 - 128GB Negro', 'Batería de 3750 mAh, te acompaña todo el día Lector de huella, fácil bloqueo y desbloqueo Cámara frontal de 13MP, para selfies grandiosas Cámara trasera dual de 20MP + 16MP detalle en cada captura Reconocimiento facial, tan solo con sostenerlo sabrá que eres tú Batería de 3750 mAh, te acompaña todo el día Lector de huella, fácil bloqueo y desbloqueo Cámara frontal de 13MP, para selfies grandiosas Cámara trasera dual de 20MP + 16MP detalle en cada captura Reconocimiento facial, tan solo con sostenerlo sabrá que eres tú', 'https://www.alkomprar.com/medias/6901443250295-001-750Wx750H?context=bWFzdGVyfGltYWdlc3w0NDEyMHxpbWFnZS9qcGVnfGltYWdlcy9oZjMvaDA5LzkwNTI5Njc0NjkwODYuanBnfGRlNmU0YTRjZTUzNDU5NWFmMzZhZjhiZTkxMzQ5NjhmMDQwNDU1ZmExYmZmNjc3Y2Q4MDA0YzI1NTgxNmNhOTk', '', '1149900', NULL, NULL, NULL, '2019-09-23 16:36:51'),
(1492, 47, 1, 91, 'iPhone XS Max 512GB Plateado', 'Super Retina, grande y súper grande, precisión en cada color Cámara posterior Dual, dos veces más calidad en tus tomas Face ID, el control está en tu rostro Sistema operativo iOS 12, actualizaciones y aplicaciones a tu alcance 512GB no hay límites para tus recuerdos Super Retina, grande y súper grande, precisión en cada color Cámara posterior Dual, dos veces más calidad en tus tomas Face ID, el control está en tu rostro Sistema operativo iOS 12, actualizaciones y aplicaciones a tu alcance 512GB no hay límites para tus recuerdos', 'https://www.alkomprar.com/medias/190198785503-001-750Wx750H?context=bWFzdGVyfGltYWdlc3w3ODYwM3xpbWFnZS9qcGVnfGltYWdlcy9oZWYvaDVjLzg4MTk0NTUwNjYxNDIuanBnfDM1MDYwM2E2YWVmNzE2YTY3MWMyMWNjYzZmY2I2YmRhNWNlOTMzMWRjYzExNzE5M2I2M2I0NGFmZGZjZjhiNTQ', '', '6239000', NULL, NULL, NULL, '2019-09-23 16:36:52'),
(1493, 47, 1, 91, 'Celular SAMSUNG Galaxy A80 2019 - 128GB Negro + Parlante JBL Flip 4 Negro', '128 GB para guardar tus momentos especiales. Cámaras de lentes múltiples para capturar la mejor imagen. Batería 3700 mAh, optimizada. 128 GB para guardar tus momentos especiales. Cámaras de lentes múltiples para capturar la mejor imagen. Batería 3700 mAh, optimizada.', 'https://www.alkomprar.com/medias/7707222703704-001-750Wx750H?context=bWFzdGVyfGltYWdlc3wxNTk5OTN8aW1hZ2UvanBlZ3xpbWFnZXMvaDQxL2g5Yi85MTMzMzYyNjEwMjA2LmpwZ3xhN2NhN2YxZThiNTJhMzg0Zjc1Y2VlNmI5NWM3OTk5YmM2YzI5ZjJmODdjMzQyYWE0ZTY2MWEwOWY5MGFlZGNj', '', '2399900', NULL, NULL, NULL, '2019-09-23 16:36:53'),
(1494, 47, 1, 91, 'Celular SAMSUNG Galaxy A80 2019 - 128GB Blanco', '128 GB para guardar tus momentos especiales. Cámaras de lentes múltiples para capturar la mejor imagen. Batería 3700 mAh, optimizada. 128 GB para guardar tus momentos especiales. Cámaras de lentes múltiples para capturar la mejor imagen. Batería 3700 mAh, optimizada.', 'https://www.alkomprar.com/medias/8801643970673-001-750Wx750H?context=bWFzdGVyfGltYWdlc3wyNDAxNTJ8aW1hZ2UvcG5nfGltYWdlcy9oZjMvaDQ1LzkxMzM0Mzk0NTExNjYucG5nfGUxM2Q2YWFlOWRjNzgzODU1YjZmNjkyNzI1NTI5YjgwYjU2MTQ1ODZiZGU4M2YxOWViZGMxNGQ3ZWUzZWI0Nzk', '', '2399900', NULL, NULL, NULL, '2019-09-23 16:36:54'),
(1495, 47, 1, 91, 'CelularSAMSUNG Galaxy A80 2019 - 128GB Dorado', '128 GB para guardar tus momentos especiales. Cámaras de lentes múltiples para capturar la mejor imagen. Batería 3700 mAh, optimizada. 128 GB para guardar tus momentos especiales. Cámaras de lentes múltiples para capturar la mejor imagen. Batería 3700 mAh, optimizada.', 'https://www.alkomprar.com/medias/8801643970444-001-750Wx750H?context=bWFzdGVyfGltYWdlc3wyNDA0MDV8aW1hZ2UvcG5nfGltYWdlcy9oYjkvaGI5LzkxMzM0MzY1MDIwNDYucG5nfDVjMmY3M2U0ZDE2MjBhNzgyMGU2Mjg0MmY5MTFmM2EwNjcyZWMyYWZkOGQ5OTQ4OWFmYTdjZjE4MGE5MzE0Yzc', '', '2399900', NULL, NULL, NULL, '2019-09-23 16:36:54'),
(1496, 47, 1, 91, 'Celular SAMSUNG Galaxy Note 10 DS 256 GB Negro', 'Poder para que dure todo el día. Más poder. Más velocidad. Más espacio de almacenamiento. Almacenamiento como el de una computadora portátil. Poder para que dure todo el día. Más poder. Más velocidad. Más espacio de almacenamiento. Almacenamiento como el de una computadora portátil.', 'https://www.alkomprar.com/medias/7707222704381-001-750Wx750H?context=bWFzdGVyfGltYWdlc3wxMTE1MzR8aW1hZ2UvcG5nfGltYWdlcy9oMDIvaDRjLzkxNDU3NzA3Mzc2OTQucG5nfDk0YWQ0ZDY2Zjc3NDk1ZTdkNWM1ODAwYTg2ZGVjMTc1MWIxZjExNDNhMWE2NmM0ZmI4NWY0MzM2YTc4OTg1YzI', '', '3799900', NULL, NULL, NULL, '2019-09-23 16:36:55');
INSERT INTO `productos` (`id_pro`, `id_empresa`, `id_categoria`, `id_subcategoria`, `nombre_pro`, `descripcion_pro`, `imagen_pro`, `precioAnterior_pro`, `precioNuevo_pro`, `diasOferta_pro`, `inicioOferta_pro`, `finOferta_pro`, `fecha_registro_pro`) VALUES
(1497, 47, 1, 91, 'iPhone XS 512GB Dorado', 'Super Retina, grande y súper grande, precisión en cada color Cámara posterior Dual, dos veces más calidad en tus tomas Face ID, el control está en tu rostro Sistema operativo iOS 12, actualizaciones y aplicaciones a tu alcance 512GB no hay límites para tus recuerdos Super Retina, grande y súper grande, precisión en cada color Cámara posterior Dual, dos veces más calidad en tus tomas Face ID, el control está en tu rostro Sistema operativo iOS 12, actualizaciones y aplicaciones a tu alcance 512GB no hay límites para tus recuerdos', 'https://www.alkomprar.com/medias/190198793621-001-750Wx750H?context=bWFzdGVyfGltYWdlc3w5Nzg3M3xpbWFnZS9qcGVnfGltYWdlcy9oYTQvaDUyLzg4MTk0NzI3NjA4NjIuanBnfGVhNDliN2E2YzM1YjMwYzQyZGYwMjFkZGU0OGY5OGU4YjdiZTliMWY0ZmY2Y2FiOTJmMWQ5MzU4YmFjNDExMzE', '', '5809000', NULL, NULL, NULL, '2019-09-23 16:36:56'),
(1498, 47, 1, 91, 'Celular SAMSUNG Galaxy S9 Plus 128GB Negro', 'Cámara trasera dual de 12MP + 3MP detalle en cada captura Cámara frontal de 8MP, para selfies alocadas 128GB no hay límites para tus recuerdos Cámara trasera dual de 12MP + 3MP detalle en cada captura Cámara frontal de 8MP, para selfies alocadas 128GB no hay límites para tus recuerdos', 'https://www.alkomprar.com/medias/8801643280161-001-750Wx750H?context=bWFzdGVyfGltYWdlc3wyNTQ3MXxpbWFnZS9qcGVnfGltYWdlcy9oOGEvaGJiLzkwNzA1NjUwNjQ3MzQuanBnfGZlYzBiNmVjYWRlM2I2MWY5NWYyOGUwZjI0MzViZTA0MmJiZWJhMWU0YmMwZjU4ZjdiMzY3YzdiNTkzODI1NDY', '', '3199900', NULL, NULL, NULL, '2019-09-23 16:36:56'),
(1499, 47, 1, 91, 'Celular SAMSUNG Galaxy S9 Plus 128GB Gris', 'Cámara trasera dual de 12MP + 3MP detalle en cada captura Cámara frontal de 8MP, para selfies alocadas 128GB no hay límites para tus recuerdos Cámara trasera dual de 12MP + 3MP detalle en cada captura Cámara frontal de 8MP, para selfies alocadas 128GB no hay límites para tus recuerdos', 'https://www.alkomprar.com/medias/8801643280581-001-750Wx750H?context=bWFzdGVyfGltYWdlc3wyNzYxNnxpbWFnZS9qcGVnfGltYWdlcy9oODYvaDY2Lzg5NjU1MDQxMzkyOTQuanBnfDIzODM1OWQwZDQ5ZWVmNTE1NzYxYWEzMDQ4NDIyOWVlOGM2NmM2ZGM2MTRlYjc3MjlkNjAwZDkyOGM5ZDYwNTY', '', '3199900', NULL, NULL, NULL, '2019-09-23 16:36:57'),
(1500, 47, 1, 91, 'Celular KALLEY ELEMENT PLUS 16GB Azul', 'Cámara frontal de 2MP con flash, para selfies brillantes Cámara trasera de 8MP, capta tus lugares favoritos Lector de huella, fácil bloqueo y desbloqueo La memoria RAM de 1GB, junto a su eficiente y liviano sistema operativo adicional a la capacidad y velocidad de los cuatro núcleos de su procesador, permiten un desempeño y uso rápido, capturar fotografías rápidamente, cambiar de aplicación de forma rápida y navegar por los diferentes menú de configuración. La memoria interna (ROM) de 16GB, expandible con una MicroSD de hasta 32GB, te permite almacenar una gran cantidad de aplicaciones, archivos y contenido multimedia. Cámara frontal de 2MP con flash, para selfies brillantes Cámara trasera de 8MP, capta tus lugares favoritos Lector de huella, fácil bloqueo y desbloqueo La memoria RAM de 1GB, junto a su eficiente y liviano sistema operativo adicional a la capacidad y velocidad de los cuatro núcleos de su procesador, permiten un desempeño y uso rápido, capturar fotografías rápidamente, cambiar de aplicación de forma rápida y navegar por los diferentes menú de configuración. La memoria interna (ROM) de 16GB, expandible con una MicroSD de hasta 32GB, te permite almacenar una gran cantidad de aplicaciones, archivos y contenido multimedia.', 'https://www.alkomprar.com/medias/7705946370998-001-750Wx750H?context=bWFzdGVyfGltYWdlc3w5NTQ3NHxpbWFnZS9qcGVnfGltYWdlcy9oYWUvaGYxLzg5MzI3OTA3NjM1NTAuanBnfDEyOTcyODU3NTJhNTM1NGQ5YTVkYjIzYTU3NGM2Yzc4NmQxMzE1MTgwZjc3OWE3MWQ5ZTI4MWYxMmRkYzBhOTI', '', '209900', NULL, NULL, NULL, '2019-09-23 16:36:57'),
(1501, 47, 1, 91, 'Celular KALLEY SILVER PRO 16GB Negro', 'Cámara trasera dual de 13MP + 0.3MP detalle en cada captura Cámara frontal de 5MP, para selfiescoquetas Batería de 3.000 mAh, te acompañará todo el día Lector de huella, fácil bloqueo y desbloqueo Cámara trasera dual de 13MP + 0.3MP detalle en cada captura Cámara frontal de 5MP, para selfiescoquetas Batería de 3.000 mAh, te acompañará todo el día Lector de huella, fácil bloqueo y desbloqueo', 'https://www.alkomprar.com/medias/7705946336604-001-750Wx750H?context=bWFzdGVyfGltYWdlc3wxMTAzMDV8aW1hZ2UvanBlZ3xpbWFnZXMvaDIxL2gwNS85MDY5MTE0MDMyMTU4LmpwZ3xlYzk3OThmYTdlYzBmMmY0YWYxNDE5ZTY3MjVmNjk5Y2I3MmZiYzE4YjBmYjk4ODAxZjE3MmNjMjUwYjgxYzFm', '', '219900', NULL, NULL, NULL, '2019-09-23 16:36:58'),
(1502, 47, 25, 90, 'Audífonos para dormir con bloqueo de ruido Bose Sleepbuds™', 'Sonidos Relajantes Realmente Inalámbricos Funda Cargador Alarmas de Despertador Ajuste a la forma de la oreja Sonidos Relajantes Realmente Inalámbricos Funda Cargador Alarmas de Despertador Ajuste a la forma de la oreja', 'https://www.alkomprar.com/medias/017817767422-001-750Wx750H?context=bWFzdGVyfGltYWdlc3wxNjkyMzh8aW1hZ2UvcG5nfGltYWdlcy9oYzgvaDk3LzkxMTkwMjYxNTE0NTQucG5nfDNmMGE5OWFjZmM5ZjliM2FkNGY3YjFmNjEwODBmZjc3Zjc1NjIzZDQzMzZiOWUyMGI1OTMxMDIxZmM4MGRmNTI', '', '929900', NULL, NULL, NULL, '2019-09-23 22:26:35'),
(1503, 47, 25, 90, 'Audífonos para dormir con bloqueo de ruido Bose Sleepbuds™', 'Sonidos Relajantes Realmente Inalámbricos Funda Cargador Alarmas de Despertador Ajuste a la forma de la oreja Sonidos Relajantes Realmente Inalámbricos Funda Cargador Alarmas de Despertador Ajuste a la forma de la oreja', 'https://www.alkomprar.com/medias/017817767422-001-750Wx750H?context=bWFzdGVyfGltYWdlc3wxNjkyMzh8aW1hZ2UvcG5nfGltYWdlcy9oYzgvaDk3LzkxMTkwMjYxNTE0NTQucG5nfDNmMGE5OWFjZmM5ZjliM2FkNGY3YjFmNjEwODBmZjc3Zjc1NjIzZDQzMzZiOWUyMGI1OTMxMDIxZmM4MGRmNTI', '', '929900', NULL, NULL, NULL, '2019-09-23 22:26:35'),
(1504, 47, 25, 90, 'Audífonos In Ear Inalámbricos BOSE QC30 NC Negros', 'Diseño de collar ligero y ergonomico que se ajusta a tu cuerpo Duracion de la bateria hasta por 10 Horas con carga completa Alcance de hasta 10 metros desde el dispositivo fuente Diseño de collar ligero y ergonomico que se ajusta a tu cuerpo Duracion de la bateria hasta por 10 Horas con carga completa Alcance de hasta 10 metros desde el dispositivo fuente', 'https://www.alkomprar.com/medias/017817731560-001-750Wx750H?context=bWFzdGVyfGltYWdlc3wyNDg4NzV8aW1hZ2UvcG5nfGltYWdlcy9oZWIvaDJmLzg4MDU0MDM0NTk2MTQucG5nfGEwMjI4ZGNhN2RlMmEwOGMwMjQwZGYyZDNlNDEwNjk5OGNmMmQ1ZTRlNDQ5NGIzMzE4NDY0MTA4MTJlNjFjNWU', '', '1199900', NULL, NULL, NULL, '2019-09-23 22:26:37'),
(1505, 47, 25, 90, 'Audífonos In Ear Inalámbricos BOSE QC30 NC Negros', 'Diseño de collar ligero y ergonomico que se ajusta a tu cuerpo Duracion de la bateria hasta por 10 Horas con carga completa Alcance de hasta 10 metros desde el dispositivo fuente Diseño de collar ligero y ergonomico que se ajusta a tu cuerpo Duracion de la bateria hasta por 10 Horas con carga completa Alcance de hasta 10 metros desde el dispositivo fuente', 'https://www.alkomprar.com/medias/017817731560-001-750Wx750H?context=bWFzdGVyfGltYWdlc3wyNDg4NzV8aW1hZ2UvcG5nfGltYWdlcy9oZWIvaDJmLzg4MDU0MDM0NTk2MTQucG5nfGEwMjI4ZGNhN2RlMmEwOGMwMjQwZGYyZDNlNDEwNjk5OGNmMmQ1ZTRlNDQ5NGIzMzE4NDY0MTA4MTJlNjFjNWU', '', '1199900', NULL, NULL, NULL, '2019-09-23 22:26:37'),
(1506, 47, 25, 102, 'Soporte de pared Bose® SlideConnect™ WB-50', 'Fabricado en Acero de Alta Calidad Permite un montaje discreto Fabricado en Acero de Alta Calidad Permite un montaje discreto', 'https://www.alkomprar.com/medias/017817652506-001-750Wx750H?context=bWFzdGVyfGltYWdlc3wxNDExNDB8aW1hZ2UvanBlZ3xpbWFnZXMvaDIzL2hiMi84ODAxOTcwMjkwNzE4LmpwZ3w4NjgxMjM3MTk3ZjA0N2Q0Y2RjZjYxOWQzZGVjNTM2ZDBiMWViNWJkODc3ZmI2NzFiMmZlY2RjMzk5MTMwYjky', '', '119900', NULL, NULL, NULL, '2019-09-23 22:26:38'),
(1507, 47, 25, 102, 'Soporte de pared Bose® SlideConnect™ WB-50', 'Fabricado en Acero de Alta Calidad Permite un montaje discreto Fabricado en Acero de Alta Calidad Permite un montaje discreto', 'https://www.alkomprar.com/medias/017817652506-001-750Wx750H?context=bWFzdGVyfGltYWdlc3wxNDExNDB8aW1hZ2UvanBlZ3xpbWFnZXMvaDIzL2hiMi84ODAxOTcwMjkwNzE4LmpwZ3w4NjgxMjM3MTk3ZjA0N2Q0Y2RjZjYxOWQzZGVjNTM2ZDBiMWViNWJkODc3ZmI2NzFiMmZlY2RjMzk5MTMwYjky', '', '119900', NULL, NULL, NULL, '2019-09-23 22:26:38'),
(1508, 47, 1, 91, 'iPhone 8 Plus 64GB Plateado', 'Cámara posterior Dual con modo Retrato, dos veces más calidad en tus tomas Cámara frontal de 7MP con flash, para selfiesnocturnas Innovador sistema de carga inalámbrica Lector de huella, tu información totalmente Segura Cámara posterior Dual con modo Retrato, dos veces más calidad en tus tomas Cámara frontal de 7MP con flash, para selfiesnocturnas Innovador sistema de carga inalámbrica Lector de huella, tu información totalmente Segura', 'https://www.alkomprar.com/medias/190198454454-001-750Wx750H?context=bWFzdGVyfGltYWdlc3w2MzY3N3xpbWFnZS9qcGVnfGltYWdlcy9oZDgvaDg0Lzg4MTkzMzM1NjIzOTguanBnfGY4MWEzOTlhMTZlMmI1NDdhYWM1MzFiMzY0NTdlMjk1YTE5NzU0MjhjNDI4YWVmODBjOTZiZWJiNWM0ZGY2NTE', '', '2999900', NULL, NULL, NULL, '2019-09-23 23:15:49'),
(1509, 47, 1, 91, 'Celular ALCATEL 3X 32GB Dorado', 'Cámara frontal de 8MP con flash, para selfies brillantes Cámara trasera dual de 13MP + 5MP detalle en cada captura Reconocimiento facial, tan solo con sostenerlo sabrá que eres tú Lector de huella, tu información totalmente Segura Cámara frontal de 8MP con flash, para selfies brillantes Cámara trasera dual de 13MP + 5MP detalle en cada captura Reconocimiento facial, tan solo con sostenerlo sabrá que eres tú Lector de huella, tu información totalmente Segura', 'https://www.alkomprar.com/medias/4894461768526-001-750Wx750H?context=bWFzdGVyfGltYWdlc3w1MzY5M3xpbWFnZS9qcGVnfGltYWdlcy9oMTUvaDdhLzkwNjg0NzI0MzQ3MTguanBnfDE1YmE4Y2ViNDU2ZmViMDA4YWU5OWE3ZTNiYWNlMTY2ZTZiNTg3MzE5ZjEzNjAyN2ZiZDEyMjVkYTM1ZWQ0ODM', '', '449900', NULL, NULL, NULL, '2019-09-23 23:15:50'),
(1510, 47, 24, 93, 'Morral HP Serie A1 15.6 Pulgadas Negro / Azul', 'Múltiples bolsillos interiores y exteriores. Bolsillos laterales de fácil acceso. Resistente al agua. Correas ajustables para mayor comodidad Múltiples bolsillos interiores y exteriores. Bolsillos laterales de fácil acceso. Resistente al agua. Correas ajustables para mayor comodidad', 'https://www.alkomprar.com/medias/190781200994-001-750Wx750H?context=bWFzdGVyfGltYWdlc3w3MjQ2OHxpbWFnZS9qcGVnfGltYWdlcy9oZWQvaGZkLzkwNTIxNjIyOTM3OTAuanBnfGE3MTliOTgxZmQ0ZTFhNDllODM3OGUwNDFkOTZiMGZiMzZkZjY2NGQzOGI5ZmI0YjcwNmI5MmYxYjc3OTlhMjc', '', '49900', NULL, NULL, NULL, '2019-09-23 23:15:50'),
(1511, 47, 24, 93, 'Presentador LOGITECH R500', 'R500 mando inalámbrico para presentaciones fiable y sencillo de usar Los 3 botones del distintivo diseño del R500 facilitan la navegación Enfoque precisas en presentación con un puntero láser fácil de usar. Personalice las funciones de botones controle la duración de las pilas R500 al ordenador mediante el receptor USB o Bluetooth de bajo consumo R500 mando inalámbrico para presentaciones fiable y sencillo de usar Los 3 botones del distintivo diseño del R500 facilitan la navegación Enfoque precisas en presentación con un puntero láser fácil de usar. Personalice las funciones de botones controle la duración de las pilas R500 al ordenador mediante el receptor USB o Bluetooth de bajo consumo', 'https://www.alkomprar.com/medias/097855139658-001-750Wx750H?context=bWFzdGVyfGltYWdlc3w1NTk2MXxpbWFnZS9qcGVnfGltYWdlcy9oZTkvaDBiLzkwNjU5OTU2NjU0MzguanBnfDIzODE4M2UwMjA1YjVhMWJjNzQ2NzBkM2NmNjIxZDllYmU3MDEzZGVjNGI3ZTIxZDE0NzY1ZmUyNjMxMjhkMzM', '', '184900', NULL, NULL, NULL, '2019-09-23 23:15:51'),
(1512, 47, 24, 92, 'Toner HP 81A Laserjet Negro', 'Resistentes a la humedad y las salpicaduras Imprime todos tus documentos de forma rápida y eficente Tecnología anti-curvas, páginas más planas y secas Rendimiento promedio en función ISO , 10500 Páginas por tóner Resistentes a la humedad y las salpicaduras Imprime todos tus documentos de forma rápida y eficente Tecnología anti-curvas, páginas más planas y secas Rendimiento promedio en función ISO , 10500 Páginas por tóner', 'https://www.alkomprar.com/medias/887758147894-001-750Wx750H?context=bWFzdGVyfGltYWdlc3w1Njg0MHxpbWFnZS9qcGVnfGltYWdlcy9oYzUvaDJjLzkwODcyNzUzMzU3MTAuanBnfGM3YjRkNzE3OTBlYTU0ODE2ODI3N2IxZTUwZTg4NDliNWUwOWUwZTYwMzFkYTQ0M2YwMGMxOWVlOWRkYTU2NmU', '', '708000', NULL, NULL, NULL, '2019-09-23 23:15:52'),
(1513, 47, 24, 92, 'Toner HP 305A Laserjet Amarillo', 'Resistentes a la humedad y las salpicaduras Imprime todos tus documentos de forma rápida y eficente Rendimiento promedio en función ISO , 2600 Páginas Resistentes a la humedad y las salpicaduras Imprime todos tus documentos de forma rápida y eficente Rendimiento promedio en función ISO , 2600 Páginas', 'https://www.alkomprar.com/medias/884962772379-001-750Wx750H?context=bWFzdGVyfGltYWdlc3w2ODY5MXxpbWFnZS9qcGVnfGltYWdlcy9oZjcvaDY1LzkwODczNTQxNzU1MTguanBnfDQ1OWIyNTEyYWFjYzc1ZTdmZGYyNTc4YmFkODQyNzA5NWMwY2MxZjEwOGYxMWUyM2VkZjdiZWEzN2FmOTM4ZjA', '', '495300', NULL, NULL, NULL, '2019-09-23 23:15:52'),
(1514, 47, 24, 92, 'Toner HP 53A Laserjet Negro', 'Resistentes a la humedad y las salpicaduras Imprime todos tus documentos de forma rápida y eficente Rendimiento promedio en función ISO , 3000 Páginas Resistentes a la humedad y las salpicaduras Imprime todos tus documentos de forma rápida y eficente Rendimiento promedio en función ISO , 3000 Páginas', 'https://www.alkomprar.com/medias/882780389267-001-750Wx750H?context=bWFzdGVyfGltYWdlc3w2NzE5M3xpbWFnZS9qcGVnfGltYWdlcy9oYTYvaDE1LzkwODc0NjU1ODY3MTguanBnfDAyMDNkNWRmNTE1OGMzNjY2NTliYzIyNDUyZDRjZWYyMzI4OWQwMWRlZDk1OTFiYThlODUwMTdiMGExOTBiNzM', '', '451300', NULL, NULL, NULL, '2019-09-23 23:15:53'),
(1515, 47, 24, 92, 'Dual Pack Toner HP 05A Negro', 'Imprime todos tus documentos de forma rápida y eficente Tóner original HP diseñados para rendimiento y alta calidad Rendimiento promedio en función ISO , 2300 Páginas por tóner Imprime todos tus documentos de forma rápida y eficente Tóner original HP diseñados para rendimiento y alta calidad Rendimiento promedio en función ISO , 2300 Páginas por tóner', 'https://www.alkomprar.com/medias/886111645091-001-750Wx750H?context=bWFzdGVyfGltYWdlc3w0MzI5MnxpbWFnZS9qcGVnfGltYWdlcy9oZGMvaGVmLzkwODczNDAwMTk3NDIuanBnfGZjM2MwZGQ0ZGUyOWFjOTA5OTk5NWQ0ZmIzNmE2NmQxOWMyMWFlZDM2MjQyZTkwMWE5MmE2ZmRkZWE2MzA3ZjY', '', '663500', NULL, NULL, NULL, '2019-09-23 23:15:53'),
(1516, 47, 24, 92, 'Toner HP 507A Laserjet Cyan', 'Resistentes a la humedad y las salpicaduras Imprime todos tus documentos de forma rápida y eficente Tecnología anti-curvas, páginas más planas y secas Rendimiento promedio en función ISO , 6000 Páginas por tóner Resistentes a la humedad y las salpicaduras Imprime todos tus documentos de forma rápida y eficente Tecnología anti-curvas, páginas más planas y secas Rendimiento promedio en función ISO , 6000 Páginas por tóner', 'https://www.alkomprar.com/medias/884962554579-001-750Wx750H?context=bWFzdGVyfGltYWdlc3w2NjgzMXxpbWFnZS9qcGVnfGltYWdlcy9oYjMvaDAwLzkwODczNzMxMTU0MjIuanBnfDFlNzBiMzg3OGU4ZWM2NzJiZDliNTE2NTg3ZDk3NzkwZTdhYWU2YjZiZDczZjgzNmI0N2MwOGRkMDUzMjI3N2E', '', '917500', NULL, NULL, NULL, '2019-09-23 23:15:54'),
(1517, 47, 24, 92, 'Toner HP 87A Laserjet Negro', 'Resistentes a la humedad y las salpicaduras Imprime todos tus documentos de forma rápida y eficente Tecnología anti-curvas, páginas más planas y secas Rendimiento promedio en función ISO , 9000 Páginas Resistentes a la humedad y las salpicaduras Imprime todos tus documentos de forma rápida y eficente Tecnología anti-curvas, páginas más planas y secas Rendimiento promedio en función ISO , 9000 Páginas', 'https://www.alkomprar.com/medias/889296182894-001-750Wx750H?context=bWFzdGVyfGltYWdlc3w2OTgyMHxpbWFnZS9qcGVnfGltYWdlcy9oNWEvaDliLzkwODcyNTY0NjEzNDIuanBnfDVkZDg1NGM1ODlmODYyYjc3YWU5YzFiNGUyNjgxNzYyODAwMDgyYzQ3ZWJhZGRjN2E4ZTU4OWViYzJhNDBjMTA', '', '892200', NULL, NULL, NULL, '2019-09-23 23:15:55'),
(1518, 47, 24, 92, 'Toner HP 55X Laserjet Negro', 'Resistentes a la humedad y las salpicaduras Imprime todos tus documentos de forma rápida y eficente Tecnología anti-curvas, páginas más planas y secas Rendimiento promedio en función ISO , 12500 Páginas por tóner Resistentes a la humedad y las salpicaduras Imprime todos tus documentos de forma rápida y eficente Tecnología anti-curvas, páginas más planas y secas Rendimiento promedio en función ISO , 12500 Páginas por tóner', 'https://www.alkomprar.com/medias/884420133704-001-750Wx750H?context=bWFzdGVyfGltYWdlc3w2NzE3MHxpbWFnZS9qcGVnfGltYWdlcy9oYzAvaDhjLzkwODczOTAzODQxNTguanBnfGE5Mjc2ZTY1YzA0MDg2N2RkMTU5ZTI5OTczYzlkZDVkNTRlZTIyYjBiNWNhMzkwNGFhNDIzMWI1NjYzYjZlMDI', '', '942900', NULL, NULL, NULL, '2019-09-23 23:15:56'),
(1519, 47, 24, 92, 'Toner HP 26X Laserjet Negro', 'Resistentes a la humedad y las salpicaduras Imprime todos tus documentos de forma rápida y eficente Tecnología anti-curvas, páginas más planas y secas Rendimiento promedio en función ISO , 9000 Páginas Resistentes a la humedad y las salpicaduras Imprime todos tus documentos de forma rápida y eficente Tecnología anti-curvas, páginas más planas y secas Rendimiento promedio en función ISO , 9000 Páginas', 'https://www.alkomprar.com/medias/889296154778-001-750Wx750H?context=bWFzdGVyfGltYWdlc3w2OTY1NXxpbWFnZS9qcGVnfGltYWdlcy9oOTYvaDA3LzkwODcyNjExNzk5MzQuanBnfGQ1ZjNlNDlkZmZmYjE3NmQ5OGYzOTYzOWY2NmM2N2Q3MjY1YjdmZmI1M2E2MWFlM2U3NmY1MDMxY2NmNzRmZWM', '', '815900', NULL, NULL, NULL, '2019-09-23 23:15:56'),
(1520, 47, 24, 92, 'Toner HP 81X Laserjet Negro', 'Resistentes a la humedad y las salpicaduras Imprime todos tus documentos de forma rápida y eficente Tecnología anti-curvas, páginas más planas y secas Rendimiento promedio en función ISO , 25000 Páginas por tóner Resistentes a la humedad y las salpicaduras Imprime todos tus documentos de forma rápida y eficente Tecnología anti-curvas, páginas más planas y secas Rendimiento promedio en función ISO , 25000 Páginas por tóner', 'https://www.alkomprar.com/medias/887758147900-001-750Wx750H?context=bWFzdGVyfGltYWdlc3w0NTUzM3xpbWFnZS9qcGVnfGltYWdlcy9oOGUvaDkwLzkwODcyNzA2MTcxMTguanBnfDIwZWNmMTcxMzRjYzQwM2EwMTc4NzY3MTEzZDFkYjk1OTFlZTQ0YTA2OGYzMzJlMDhmOTNmNjM1NGM2MDMyNjY', '', '1171500', NULL, NULL, NULL, '2019-09-23 23:15:57'),
(1521, 47, 24, 92, 'Toner HP 90X Laserjet Negro', 'Resistentes a la humedad y las salpicaduras Imprime todos tus documentos de forma rápida y eficente Tecnología anti-curvas, páginas más planas y secas Rendimiento promedio en función ISO , 24000 Páginas por tóner Resistentes a la humedad y las salpicaduras Imprime todos tus documentos de forma rápida y eficente Tecnología anti-curvas, páginas más planas y secas Rendimiento promedio en función ISO , 24000 Páginas por tóner', 'https://www.alkomprar.com/medias/884962517765-001-750Wx750H?context=bWFzdGVyfGltYWdlc3w1NzY3NHxpbWFnZS9qcGVnfGltYWdlcy9oMzYvaDI1LzkwODczNzc4MzQwMTQuanBnfDM3MzdkYTQ2OTU4ZmNlMjQ2YjljMzU2M2M0ZjY2NzdiMjFhMWU3Y2ZiNTBmYmJiMmZhOTRmYjNjYTU5ZTk5MzE', '', '1193900', NULL, NULL, NULL, '2019-09-23 23:15:57'),
(1522, 47, 24, 92, 'Papel CANON Zink 2030-20HB Blanco', 'Antes de imprimir los cristales de tinte incrustados son transparentes Dispositivo habilitado con ZINK utiliza calor para activar y colorear Ideal para imprimir tus mejores momentos. Antes de imprimir los cristales de tinte incrustados son transparentes Dispositivo habilitado con ZINK utiliza calor para activar y colorear Ideal para imprimir tus mejores momentos.', 'https://www.alkomprar.com/medias/4549292135121-001-750Wx750H?context=bWFzdGVyfGltYWdlc3wyODM2MnxpbWFnZS9qcGVnfGltYWdlcy9oN2QvaGEwLzkwNTI3MDE0NTg0NjIuanBnfDMzNGVlNWNhODRjYmUwMGVhZTM4MmZjOGE5OGY3YWM2YThlZGJhMDExZDc0ZWE2MjVjYzNkNTZjMjJjZDA2ZWI', '', '30900', NULL, NULL, NULL, '2019-09-23 23:15:58'),
(1523, 47, 24, 93, 'Base Enfriadora STARTEC 14 pulgadas 3 Ventiladores', 'Cuenta con 3 ventiladores silenciosos Luces LED de Colores, Conexión USB Optima eficiencia de la refrigeración Evita recalentamientos del equipo portátil Velocidad del ventilador 2800 RPM Cuenta con 3 ventiladores silenciosos Luces LED de Colores, Conexión USB Optima eficiencia de la refrigeración Evita recalentamientos del equipo portátil Velocidad del ventilador 2800 RPM', 'https://www.alkomprar.com/medias/7703165006599-001-750Wx750H?context=bWFzdGVyfGltYWdlc3w2MDE1OHxpbWFnZS9qcGVnfGltYWdlcy9oYzAvaDliLzg5MTU0MTg0MTUxMzQuanBnfDFhNjgyMDdhMmY4ZjJkYmJkMjBkZjZmMDU4ZmMwNzUyNjFiNzVmNGI3YTJmMTAwODgzOTcxZGZlMDRjOWJhMzU', '', '26900', NULL, NULL, NULL, '2019-09-23 23:15:58'),
(1524, 47, 24, 93, 'Estuche CASE LOGIC Disco Duro Portatil Negro', 'Correa elástica interior mantiene el disco duro en su lugar Exterior semirrígido duradero para proteger tus datos valiosos El cierre con cremallera ofrece protección completa. Correa elástica interior mantiene el disco duro en su lugar Exterior semirrígido duradero para proteger tus datos valiosos El cierre con cremallera ofrece protección completa.', 'https://www.alkomprar.com/medias/085854220224-001-750Wx750H?context=bWFzdGVyfGltYWdlc3w1MjM2MjV8aW1hZ2UvcG5nfGltYWdlcy9oMzEvaDRlLzkxMjM0NzE3NTMyNDYucG5nfGNjYmExYjNiMzY0YjA0NzIwMjA5YThjMzE5MTZhYjA3ZjQ0OGU3NWE3MmUzYmY1ZmI1MjA0MDk4Zjk1ODdhZmQ', '', '39900', NULL, NULL, NULL, '2019-09-23 23:15:59'),
(1525, 47, 24, 93, 'Audifonos Primus Alambrico OnEar ARCUS150T 7.1 USB', 'Audifonos autoajustable con suaves almohadillas de cuerina garantizan el calce perfecto sobre los oídos. El modo de vibración no solo crea una atmósfera más realista, sino que también intensifica cada momento de la acción. Controles de volumen y vibración integrados en la unidad, acentúan los efectos de sonido ofreciendo una inmersión mucho mayor en el juego Micrófono retráctil con cancelación de ruido. Capta fácilmente el sonido de tu voz para que te mantengas enfocado en la acción en todo momento Microparlantes de 50mm de alto rendimiento para la reproducción fiel de épicas batallas así como la comunicación intra-juego. Audifonos autoajustable con suaves almohadillas de cuerina garantizan el calce perfecto sobre los oídos. El modo de vibración no solo crea una atmósfera más realista, sino que también intensifica cada momento de la acción. Controles de volumen y vibración integrados en la unidad, acentúan los efectos de sonido ofreciendo una inmersión mucho mayor en el juego Micrófono retráctil con cancelación de ruido. Capta fácilmente el sonido de tu voz para que te mantengas enfocado en la acción en todo momento Microparlantes de 50mm de alto rendimiento para la reproducción fiel de épicas batallas así como la comunicación intra-juego.', 'https://www.alkomprar.com/medias/798302222526-001-750Wx750H?context=bWFzdGVyfGltYWdlc3wxODIzNDl8aW1hZ2UvcG5nfGltYWdlcy9oYmIvaDM3LzkxMjkwNzkyNzU1NTAucG5nfDQ2YzQ3OTUzZmRjY2ZkZmZlNDZhYzZiMWJmMmYzYWQ1M2E1YWUxNGUwMjllNzRjNmEyNTM2NWNkYzhjODlkMTQ', '', '184900', NULL, NULL, NULL, '2019-09-23 23:15:59'),
(1526, 47, 24, 93, 'Miniteclado TARGUS Numérico USB', 'Diseño delgado y compacto 2 puertos USB incorporados Teclas comodas y concavas Diseño delgado y compacto 2 puertos USB incorporados Teclas comodas y concavas', 'https://www.alkomprar.com/medias/092636205546-001-750Wx750H?context=bWFzdGVyfGltYWdlc3w2MDU0N3xpbWFnZS9qcGVnfGltYWdlcy9oZWMvaGJmLzg4MTY5MzU0NjkwODYuanBnfDZiMWFmMWZiZTk0NjZhMjQ5Yzc2NDc0YTA5Mzg4NGI0ZWFhMWZhNWFkMzJlNzlkNDI2ZDEyYzVhMThkOWY3MDA', '', '59900', NULL, NULL, NULL, '2019-09-23 23:16:00'),
(1527, 47, 24, 106, 'Monitor AOC Gamer Plano 22 Pulgadas', 'Tecnología AMD FreeSync™, te ayuda a eliminar la fragmentación de imagen Conexiones HDMI y VGA, permiten visualizar alta calidad Modo de lectura reduce la luz azul ayuda a disminuir la fatiga ocular VGA,HDMI y DP le permiten conectar varios dispositivos a la vez Flicker Free también reduce el cansancio ocular Tecnología AMD FreeSync™, te ayuda a eliminar la fragmentación de imagen Conexiones HDMI y VGA, permiten visualizar alta calidad Modo de lectura reduce la luz azul ayuda a disminuir la fatiga ocular VGA,HDMI y DP le permiten conectar varios dispositivos a la vez Flicker Free también reduce el cansancio ocular', 'https://www.alkomprar.com/medias/685417705580-001-750Wx750H?context=bWFzdGVyfGltYWdlc3w0ODQyMTV8aW1hZ2UvcG5nfGltYWdlcy9oNTkvaDlmLzkxMjIzMjQ2MTExMDIucG5nfGY5OTQ1ZjM3NzE5MGQ4ZGM3MTVhOTExM2Y0ODEwMDJmOTg3MzFjOWQ5NjEyZjg3YmQ5NzZkOTc3NWNmOTc5MmM', '', '509000', NULL, NULL, NULL, '2019-09-23 23:16:00'),
(1528, 47, 24, 93, 'Diadema LOGITECH Alámbrico OnEar USB Negro', 'Realice llamadas por Internet nítidas con simple conexión USB Los controles integrados en el cable permiten controlar el volumen Transductores optimos por láser ofrecen audio digital mejorado Minimiza el ruido de fondo no deseado para conversaciones claras Diadema ajustable almohadillas de cuero sintético giratoria Realice llamadas por Internet nítidas con simple conexión USB Los controles integrados en el cable permiten controlar el volumen Transductores optimos por láser ofrecen audio digital mejorado Minimiza el ruido de fondo no deseado para conversaciones claras Diadema ajustable almohadillas de cuero sintético giratoria', 'https://www.alkomprar.com/medias/097855046871-001-750Wx750H?context=bWFzdGVyfGltYWdlc3wxNDI4Njl8aW1hZ2UvcG5nfGltYWdlcy9oMjEvaDQyLzg4MTg1MzIwNTcxMTgucG5nfDNmZTUyZjEyMWE4NDgzMDhjOTU5ZTI0OGExMTI4YWEzYTY2ZjI1ODFhOTE3ODEzYjg1YzgwNmNlYzFlMjMwMDE', '', '99900', NULL, NULL, NULL, '2019-09-23 23:16:01'),
(1529, 47, 24, 92, 'Cartucho de tinta HP 670XL Original CZ117AL-Negro', 'Imprime fotos y documentos nitidos con negros mas intensos y durables Cuenta con una tecnologia de impresion por inyeccion de tinta Brinda un color profesional y a su vez ahorre costos en cada impresion Diseñado con materiales reciclables pensando en el planeta Un tipo de tinta con base de pigmento Imprime fotos y documentos nitidos con negros mas intensos y durables Cuenta con una tecnologia de impresion por inyeccion de tinta Brinda un color profesional y a su vez ahorre costos en cada impresion Diseñado con materiales reciclables pensando en el planeta Un tipo de tinta con base de pigmento', 'https://www.alkomprar.com/medias/886112670023-001-750Wx750H?context=bWFzdGVyfGltYWdlc3wzMjUyMXxpbWFnZS9qcGVnfGltYWdlcy9oYzgvaDZmLzg4NTc0NjIyNzYxMjYuanBnfGRjZTMzYjE0MjhiMzE2Y2RhMjg4ODRjNmRkMjVmM2E2ZTAzYzBhNGZiYjczNDM0YjZjODk2NTdlYzg3NzFiODA', '', '75900', NULL, NULL, NULL, '2019-09-23 23:16:01'),
(1530, 47, 24, 92, 'Dual Pack HP Cartucho 46-Negro', 'Imprimefotos y documentos mas nitidos con negros intensos y durables Cuenta con una tecnologia de impresion por inyeccion termica de tinta Con un tipo de tinta basada en colorantes Imprimefotos y documentos mas nitidos con negros intensos y durables Cuenta con una tecnologia de impresion por inyeccion termica de tinta Con un tipo de tinta basada en colorantes', 'https://www.alkomprar.com/medias/889296622703-001-750Wx750H?context=bWFzdGVyfGltYWdlc3w0MDc5MXxpbWFnZS9qcGVnfGltYWdlcy9oOWUvaDdiLzg4NjkzNTAwNDc3NzQuanBnfGFkYjI2YjAzNGYzMmUyNThiMGI0YzU3YTkzODM4ZjQ4ZTJhNjNhYWI2N2MwZjk5OTI3MzlmYWY0NjdhYzFkNjI', '', '64500', NULL, NULL, NULL, '2019-09-23 23:16:02'),
(1531, 47, 24, 93, 'Teclado LOGITECH Inalambrico Gaming G613', 'G613 ofrece tecnología inalámbrica LIGHTSPEED™ para una velocidad de respuesta superrápida de 1 ms Esta solución inalámbrica de nivel profesional está integrada en el teclado para juegos G613 para ofrecer un rendimiento excepcionalmente sensible y consistente. Romer-G es una combinación óptima de velocidad, precisión y rendimiento silencioso. seis teclas G dedicadas que se pueden programar con macros personalizadas y comandos Conexión inalámbrica y Bluetooth RF G613 ofrece tecnología inalámbrica LIGHTSPEED™ para una velocidad de respuesta superrápida de 1 ms Esta solución inalámbrica de nivel profesional está integrada en el teclado para juegos G613 para ofrecer un rendimiento excepcionalmente sensible y consistente. Romer-G es una combinación óptima de velocidad, precisión y rendimiento silencioso. seis teclas G dedicadas que se pueden programar con macros personalizadas y comandos Conexión inalámbrica y Bluetooth RF', 'https://www.alkomprar.com/medias/097855135285-001-750Wx750H?context=bWFzdGVyfGltYWdlc3w2NjA4NXxpbWFnZS9qcGVnfGltYWdlcy9oMjEvaGY5LzkwODgxMjU2NjUzMTAuanBnfGMzOThlM2RlYzgyMWIyZjdiMTNkZjQ4MTJkNmE0MTNiOTk1OTllMGFhNzBkMmY3YjI5YzliY2I2NTQ4MzA3YWQ', '', '478900', NULL, NULL, NULL, '2019-09-23 23:16:02'),
(1532, 47, 24, 107, 'iPad Pro de 11 Pulgadas y 1 Tera con Wifi - Gris espacial', 'Nueva pantalla Liquid Retina se extiende hasta el borde Face ID Está diseñado para desbloquearlo de forma segura El chip A12X Bionic procesa gráficas dos veces más rápido Nueva pantalla Liquid Retina se extiende hasta el borde Face ID Está diseñado para desbloquearlo de forma segura El chip A12X Bionic procesa gráficas dos veces más rápido', 'https://www.alkomprar.com/medias/190198872043-001-750Wx750H?context=bWFzdGVyfGltYWdlc3wzNjkzNHxpbWFnZS9qcGVnfGltYWdlcy9oOWEvaDExLzkwMzMyNjY1OTM4MjIuanBnfGIzZDBlZDBkMGI0MzQ1OTYwOTI4NWYyZWYwM2JmZDlmMjhlZTk1NDcxOTBhZjAwZDRlNzkzYWI2MjNjNWQ3MzM', '', '6179000', NULL, NULL, NULL, '2019-09-23 23:16:03'),
(1533, 47, 24, 93, 'Apuntador TARGUS Inalámbrico Negro AMP13US', 'Bloquea los botones para eliminar pulsaciones accidentales Puntero laser integrado para puntos específicos Diseñado para presentaciones con libertad de movimiento Bloquea los botones para eliminar pulsaciones accidentales Puntero laser integrado para puntos específicos Diseñado para presentaciones con libertad de movimiento', 'https://www.alkomprar.com/medias/092636246433-001-750Wx750H?context=bWFzdGVyfGltYWdlc3w3MDk3ODR8aW1hZ2UvcG5nfGltYWdlcy9oZDMvaGQzLzkxMjM0NTg3NzcxMTgucG5nfDFhM2I4ZTQwZmRlNGQ3ZmNkZTk2MmRmNTMxZWJlZTE2NjM5NjgyMzIzNWUzYjQzYzUzYTliZGQwYmIwYzAwNmU', '', '147900', NULL, NULL, NULL, '2019-09-23 23:16:03'),
(1534, 47, 43, 96, 'Batidora KITCHENAID Artisan Reina de Corazones', 'Mas que una batidora es un centro culinario. 14 aditamento disponibles para el centro de conexión. Cabeza inclinable Acción de mezclado planetaria con más de 59 puntos 10 velocidades Mas que una batidora es un centro culinario. 14 aditamento disponibles para el centro de conexión. Cabeza inclinable Acción de mezclado planetaria con más de 59 puntos 10 velocidades', 'https://www.alkomprar.com/medias/883049516622-001-750Wx750H?context=bWFzdGVyfGltYWdlc3wxNTczMjJ8aW1hZ2UvanBlZ3xpbWFnZXMvaGI2L2hjZC85MTI3NTQyMzU4MDQ2LmpwZ3xjZjM4MWM1ZDJkZmY3YTkzYmI3MzhlOTA0ODU2NGY3YjQxMTBjMzMyNDY5OTg3ZDEwYmIwMDY4NzQ5M2QxYWJm', '', '949900', NULL, NULL, NULL, '2019-09-23 23:16:03'),
(1535, 47, 43, 96, 'Rizador BABYLISS Curl Secret CD203RBCO', 'Direccionador de rizo automático Camára cerámica Mechones suaves y brillantes 3 selectores de tiempo para varios estilos de peinado Indicadores de tiempo indicando si el rizo esta finalizado Cable giratorio Direccionador de rizo automático Camára cerámica Mechones suaves y brillantes 3 selectores de tiempo para varios estilos de peinado Indicadores de tiempo indicando si el rizo esta finalizado Cable giratorio', 'https://www.alkomprar.com/medias/3030050098150-001-750Wx750H?context=bWFzdGVyfGltYWdlc3w4MzgwNHxpbWFnZS9qcGVnfGltYWdlcy9oYzYvaDM0LzkxMDc5OTI5NjkyNDYuanBnfGMyYzY2MzA2MTEwNDExOTgwZGM0NTU1OGMwM2Q3NjQ4YjM0ZTEzZmRmMTFlYjA5OTY1MjBhNzQ3MmZmMzZiMmE', '', '220430', NULL, NULL, NULL, '2019-09-23 23:16:04'),
(1536, 47, 43, 96, 'Plancha BABYLISS Nano Titanium 2098DUBCO', 'Lista para usar en 15 segundos Cerámica avanzada de sistema de calefaccion Tecnología Ionica para un cabello libre de Frizz Cable giratorio de 3 metros Multivoltaje para usar en todo el mundo Lista para usar en 15 segundos Cerámica avanzada de sistema de calefaccion Tecnología Ionica para un cabello libre de Frizz Cable giratorio de 3 metros Multivoltaje para usar en todo el mundo', 'https://www.alkomprar.com/medias/074108341143-001-750Wx750H?context=bWFzdGVyfGltYWdlc3wxMDkxMzF8aW1hZ2UvanBlZ3xpbWFnZXMvaDcxL2hkZS85MTI1NDM1NDczOTUwLmpwZ3wwNDViNTk4MTA5NWJiNzJmNjA1MzY1MzVhZmFjMDdiOGQwYzM3NDM2YzVlMmQ4MGZkZmNhN2Q0MzNkOGRmZWYx', '', '293900', NULL, NULL, NULL, '2019-09-23 23:16:04'),
(1537, 47, 43, 96, 'Micro Recortador Lithium Wahl', 'Trimmer 2 cabezales incluye bateria Trimmer 2 cabezales incluye bateria', 'https://www.alkomprar.com/medias/0043917031484-001-750Wx750H?context=bWFzdGVyfGltYWdlc3w5MTE0MHxpbWFnZS9qcGVnfGltYWdlcy9oMDkvaDdiLzkwNzkwNzA5ODIxNzQuanBnfDQ2ZTc3OTU3Y2U4YmY2ZDljMzZiZjY1ZmRmYjQ0Yjk2NDg5ZTBlZTJmMzZiMGYwNzA1MWIzNTQyOTM1NjA2MDU', '', '64900', NULL, NULL, NULL, '2019-09-23 23:16:05'),
(1538, 47, 43, 95, 'Aire Acondicionado KALLEY Convencional 9000 BTU 110V Blanco', 'Pantalla LED Apagado automático Detector de fugas Temperatura ajustable Control de velocidades Pantalla LED Apagado automático Detector de fugas Temperatura ajustable Control de velocidades', 'https://www.alkomprar.com/medias/7705946266246-001-750Wx750H?context=bWFzdGVyfGltYWdlc3wyMTkxOXxpbWFnZS9qcGVnfGltYWdlcy9oYTgvaDU2Lzg5MjI4NDU4NzIxNTguanBnfDg1ODU5MWNmYjVlYzE5NTQwMGVkYmIwNjAzZDQ0ZjkwZWZhYmNhMTJhNWNkMTIyNWEzYjUzYWEzYzBjMTU0MWM', '', '759900', NULL, NULL, NULL, '2019-09-23 23:16:05'),
(1539, 47, 43, 96, 'Horno Tostador IMUSA 5 En 1', 'Capacidad Ajustable 5 funciones en 1 Turbo Air Frier sin aceite Multifuncionalidad en las preparaciones Capacidad Ajustable 5 funciones en 1 Turbo Air Frier sin aceite Multifuncionalidad en las preparaciones', 'https://www.alkomprar.com/medias/3016661154409-001-750Wx750H?context=bWFzdGVyfGltYWdlc3wxNjYyOTR8aW1hZ2UvanBlZ3xpbWFnZXMvaDE3L2gzZS85MTI3NTE2OTk1NjE0LmpwZ3w2ZWE1MjgzNDg1YmFiOTIzMDJkY2I0ZTQyZDRmZWUyM2UyMDhlZTc4ZjU0ZGExMDRmOTliMTE5ODZhNDc2OTcx', '', '279900', NULL, NULL, NULL, '2019-09-23 23:16:06'),
(1540, 47, 43, 95, 'Mesón CHALLENGER Mando Derecho 1124 GRIS', 'quemadores sellados perillas ergonomicas parrillas porcelanizadas zona de preparacion enecendido electronico quemadores sellados perillas ergonomicas parrillas porcelanizadas zona de preparacion enecendido electronico', 'https://www.alkomprar.com/medias/7705191038247-001-750Wx750H?context=bWFzdGVyfGltYWdlc3wxMDM0MjB8aW1hZ2UvanBlZ3xpbWFnZXMvaGIwL2g4Yy85MTM1Njk2MjQ4ODYyLmpwZ3wyMjIzZGIxNGI3YTcxOTVhZmVjYTA2NTA1Y2RlNTYzOWIwYzFhMDQxZTg0OTllNGFjZjdlNjI1ODI2ZTk3YTA0', '', '399900', NULL, NULL, NULL, '2019-09-23 23:16:06'),
(1541, 47, 43, 95, 'Mesón CHALLENGER Mando Derecho 1154 GRIS', 'quemadores sellados perillas ergonomicas parrillas porcelanizadas zona de preparacion enecendido electronico quemadores sellados perillas ergonomicas parrillas porcelanizadas zona de preparacion enecendido electronico', 'https://www.alkomprar.com/medias/7705191038261-001-750Wx750H?context=bWFzdGVyfGltYWdlc3w5OTA1NXxpbWFnZS9qcGVnfGltYWdlcy9oMTAvaGZlLzkxMzU3MDA5Njc0NTQuanBnfGQzMjhlMjllNjI4MGVjNGNjYjU2NWFmZTE2OThjYTdkZmY4MWNmMGRmZDQ0NTI4ODBmZDg3Y2RkMTE2OGY0M2E', '', '504900', NULL, NULL, NULL, '2019-09-23 23:16:07'),
(1542, 47, 43, 95, 'Cubierta de Empotrar CHALLENGER SQ6764 65Cm', 'Quemadores de alta eficiencia Perrilla Metálicas Encendido eléctronico Empaques antiderrames Quemador Doble corona para cocciones más rápidas Quemadores de alta eficiencia Perrilla Metálicas Encendido eléctronico Empaques antiderrames Quemador Doble corona para cocciones más rápidas', 'https://www.alkomprar.com/medias/7707061694263-001-750Wx750H?context=bWFzdGVyfGltYWdlc3wxMjUxOTJ8aW1hZ2UvanBlZ3xpbWFnZXMvaDJmL2hkNS85MTMzMzE2NjAzOTM0LmpwZ3xiNDA5N2I0N2VmNzgxMDNlZjc1NTlmNzJjY2RlNDQ3NjNmYzEyNTkyMjU4YzE1MmNhNzBhMWRlODc2ZDE1NWRl', '', '1059900', NULL, NULL, NULL, '2019-09-23 23:16:07'),
(1543, 47, 43, 95, 'Cubierta de Empotrar CHALLENGER Sl6059 58Cm', 'tecnologia de inducción sensores touch encendido automatico Empaques antiderrames bloqueo de seguridad tecnologia de inducción sensores touch encendido automatico Empaques antiderrames bloqueo de seguridad', 'https://www.alkomprar.com/medias/7707172627068-001-750Wx750H?context=bWFzdGVyfGltYWdlc3w3MjAyOXxpbWFnZS9qcGVnfGltYWdlcy9oYWIvaDdlLzkxMzMzNTU1MzIzMTguanBnfDg3M2M4YjdlYzUxOGY5NWFkNmEwY2VkMjdkNmQyYzJlMGUyZmQwNWZlMDRhZTljMmJmOTBjZTc0ZjkxYThmZjY', '', '1516900', NULL, NULL, NULL, '2019-09-23 23:16:08'),
(1544, 47, 43, 95, 'Cubierta de Empotrar CHALLENGER SQ6792 91Cm', 'Quemadores de alta eficiencia Perrilla Metálicas Encendido eléctronico Empaques antiderrames Quemador Doble corona para cocciones más rápidas Quemadores de alta eficiencia Perrilla Metálicas Encendido eléctronico Empaques antiderrames Quemador Doble corona para cocciones más rápidas', 'https://www.alkomprar.com/medias/7707061694300-001-750Wx750H?context=bWFzdGVyfGltYWdlc3wxODkyMTF8aW1hZ2UvanBlZ3xpbWFnZXMvaDlhL2gzYS85MTMzMzE4MzczNDA2LmpwZ3w1NTU2Zjg1MzI1OWZiMTk2N2Y3NzU4ZjQ0NWQxN2NmODdiNmJlN2MwYTRhMjY1NjRkNGE0MDdjYmUzMzhkMTcx', '', '1462900', NULL, NULL, NULL, '2019-09-23 23:16:09'),
(1545, 47, 43, 95, 'Cubierta de Empotrar CHALLENGER Sl6060 58Cm', 'tecnologia de inducción sensores touch encendido automatico Empaques antiderrames bloqueo de seguridad tecnologia de inducción sensores touch encendido automatico Empaques antiderrames bloqueo de seguridad', 'https://www.alkomprar.com/medias/7707061699442-001-750Wx750H?context=bWFzdGVyfGltYWdlc3wzNTQ2MHxpbWFnZS9qcGVnfGltYWdlcy9oY2IvaDg2LzkxMzMzMjQyNzE2NDYuanBnfDIxMjc3NjVjNjg2YzJlNzUxYmJhZTE4MmRmYzQ3MmE2YWEyYTkxZGRmOTAzZDVlOGUyYmNhYWIyZmRjMmM3OTE', '', '2059900', NULL, NULL, NULL, '2019-09-23 23:16:09'),
(1546, 47, 43, 95, 'Cubierta de Empotrar CHALLENGER SI6886 86Cm', 'Quemadores de alta eficiencia Perrilla Metálicas Encendido eléctronico Empaques antiderrames Quemador Doble corona para cocciones más rápidas Quemadores de alta eficiencia Perrilla Metálicas Encendido eléctronico Empaques antiderrames Quemador Doble corona para cocciones más rápidas', 'https://www.alkomprar.com/medias/7707172627013-001-750Wx750H?context=bWFzdGVyfGltYWdlc3wxMjc0ODZ8aW1hZ2UvanBlZ3xpbWFnZXMvaDIzL2g2Zi85MTMzMzUzNzYyODQ2LmpwZ3wyYjI2NjhmN2RjMDAwZTRmZjcxZWFiZDI4YjFiNWIwZWI0N2VkMjM4Y2QyZjI4MmE2NTNkM2E3YTZkYzE3NTI4', '', '1730900', NULL, NULL, NULL, '2019-09-23 23:16:10'),
(1547, 47, 43, 95, 'Cubierta de Empotrar CHALLENGER SI6990 86Cm', 'Quemadores de alta eficiencia Perrilla Metálicas Encendido eléctronico Empaques antiderrames Quemador Doble corona para cocciones más rápidas Quemadores de alta eficiencia Perrilla Metálicas Encendido eléctronico Empaques antiderrames Quemador Doble corona para cocciones más rápidas', 'https://www.alkomprar.com/medias/7707061690036-001-750Wx750H?context=bWFzdGVyfGltYWdlc3wxNDMxNDB8aW1hZ2UvanBlZ3xpbWFnZXMvaDRmL2hlZi85MTMzMzEwMTE1ODcwLmpwZ3wzMjA3ZjFkMmMwZmE1YmM1ZDQ0MTFjYzU0ZDk3Y2M0NDg1NzJhOWI4YjQxY2Q2NjllMzM3MjU3MzFhYTQ4ZDdj', '', '1867900', NULL, NULL, NULL, '2019-09-23 23:16:10'),
(1548, 47, 43, 95, 'Mesón CHALLENGER Mando Izquierdo 1155 GRIS', 'quemadores sellados perillas ergonomicas parrillas porcelanizadas zona de preparacion enecendido electronico quemadores sellados perillas ergonomicas parrillas porcelanizadas zona de preparacion enecendido electronico', 'https://www.alkomprar.com/medias/7705191038278-001-750Wx750H?context=bWFzdGVyfGltYWdlc3w5OTQ3MXxpbWFnZS9qcGVnfGltYWdlcy9oMGEvaGQzLzkxMzU3MDMzMjY3NTAuanBnfDU2NWQxMGMwZGNmYWJiNDU0MjlhMTRhNTcyNTEzMGRmMjYzNmMzYWExODkxNWM3OTM2MmUzOThjYjgxNGVmZTA', '', '504900', NULL, NULL, NULL, '2019-09-23 23:16:11'),
(1549, 47, 43, 95, 'Cubierta de Empotrar CHALLENGER SI6960 61Cm', 'Quemadores de alta eficiencia Perrilla Metálicas Encendido eléctronico Empaques antiderrames Quemador Doble corona para cocciones más rápidas Quemadores de alta eficiencia Perrilla Metálicas Encendido eléctronico Empaques antiderrames Quemador Doble corona para cocciones más rápidas', 'https://www.alkomprar.com/medias/7707061690111-001-750Wx750H?context=bWFzdGVyfGltYWdlc3wxMTA2MzF8aW1hZ2UvanBlZ3xpbWFnZXMvaGM2L2g2OC85MTMzMzExODg1MzQyLmpwZ3w0MDI3OGYzZGVlOWQ0MzYwN2I4NGYwNWVhNDAyM2JmMTlkMDE2ZTcxODZkYWJkYmY2NWU5MjlhZGEyZTkzM2Ux', '', '1317900', NULL, NULL, NULL, '2019-09-23 23:16:11'),
(1550, 47, 43, 95, 'Cubierta de Empotrar CHALLENGER SG6041 58.5Cm', 'Quemadores de alta eficiencia Perrilla Metálicas Encendido eléctronico Empaques antiderrames Quemador Mini-wok para cocciones más rápidas Quemadores de alta eficiencia Perrilla Metálicas Encendido eléctronico Empaques antiderrames Quemador Mini-wok para cocciones más rápidas', 'https://www.alkomprar.com/medias/7707061695055-001-750Wx750H?context=bWFzdGVyfGltYWdlc3wxMzE1MTV8aW1hZ2UvanBlZ3xpbWFnZXMvaDI4L2gwYy85MTMzMzIwNzMyNzAyLmpwZ3w4MTgzNTRiMTVkMGRkNGFhYTI5MTkxMDQ1YTZlMGRkNGQ1OWViOTNjZTBjYTU4MTFiNDBlZDcxNjhhY2IzY2M3', '', '740900', NULL, NULL, NULL, '2019-09-23 23:16:12'),
(1551, 47, 43, 95, 'Cubierta de Empotrar CHALLENGER SI6877 75Cm', 'Quemadores de alta eficiencia Perrilla Metálicas Encendido eléctronico Empaques antiderrames Quemador Doble corona para cocciones más rápidas Quemadores de alta eficiencia Perrilla Metálicas Encendido eléctronico Empaques antiderrames Quemador Doble corona para cocciones más rápidas', 'https://www.alkomprar.com/medias/7707172627006-001-750Wx750H?context=bWFzdGVyfGltYWdlc3wxMTI1MzB8aW1hZ2UvanBlZ3xpbWFnZXMvaDBhL2hlZS85MTMzMzUwMjIzOTAyLmpwZ3xkODk2NjQ1M2NkNjVmYmY1YzBkZjBlZDNhODFjNmFhMTEyMDkxYzhmYTUxZjQ5NjRlYjQxNmUxMjRiNDg4MDky', '', '1637900', NULL, NULL, NULL, '2019-09-23 23:16:12'),
(1552, 47, 43, 95, 'Ventilador WESTINGHOUSE 2 EN 1 72901 NEGRO Pedestal y Mesa 16', '3 Velocidades Facil de Armar Oscilante Control Manual 3 Velocidades Facil de Armar Oscilante Control Manual', 'https://www.alkomprar.com/medias/7453089411268-001-750Wx750H?context=bWFzdGVyfGltYWdlc3wxMTQ2MTR8aW1hZ2UvanBlZ3xpbWFnZXMvaDg3L2g1MC85MTE4MTIyMjEzNDA2LmpwZ3wyZGE2NDcxYWFiYjUwYWNjNWFjZTc1ZjRhMWNmZGEyYjRhNDJiOTkwZDliMDIwN2IwNmU4ZWQzNjRkNmQ2Njli', '', '159900', NULL, NULL, NULL, '2019-09-23 23:16:13'),
(1553, 47, 43, 95, 'Aire acondicionado SAMSUNG AR09RVFHCWK/CB 9008 BTU inverter 220V Blanco', '68% ahorro de energía Hasta un 38% de enfriamiento más rápido Cuenta con motor digital inverter 68% ahorro de energía Hasta un 38% de enfriamiento más rápido Cuenta con motor digital inverter', 'https://www.alkomprar.com/medias/8801643901479-001-750Wx750H?context=bWFzdGVyfGltYWdlc3w0NTgzMHxpbWFnZS9qcGVnfGltYWdlcy9oNWYvaDkxLzkxNDY0MDI1Mzc1MDIuanBnfDUxMDNhZDE2OTYwNjBkMDhlNzhkYTRmZDgwMWMzMWM4MzVkNTI0NTczNjI1Y2ZjYWFlMTJiOTFmYzliZjEwNjc', '', '1655000', NULL, NULL, NULL, '2019-09-23 23:16:14'),
(1554, 47, 43, 95, 'Aire acondicionado SAMSUNG AR24RVFHCWK/CB 20985 BTU inverter 220V Blanco', '68% ahorro de energía Hasta un 38% de enfriamiento más rápido Cuenta con motor digital inverter 68% ahorro de energía Hasta un 38% de enfriamiento más rápido Cuenta con motor digital inverter', 'https://www.alkomprar.com/medias/8801643901622-001-750Wx750H?context=bWFzdGVyfGltYWdlc3w0NTgzMHxpbWFnZS9qcGVnfGltYWdlcy9oMDUvaGQ2LzkxNDY0MDk2MTUzOTAuanBnfGY3ODkxNTQ1YzVkMTk3NDQ2OGQ4YjExY2NjOWMyYzEyMzEzOWVjNGQ1ZWVlZWRlNmI0MDAxZjlmMzA2NTNlOWM', '', '2789000', NULL, NULL, NULL, '2019-09-23 23:16:14'),
(1555, 47, 43, 95, 'Combo Lavadora LG TWINWash™ WM22VVS6 + Mini Lavadora 3.5 Kilogramos WD100CV', 'Lava dos cargas al tiempo por separado Panel de control digital, intuitivo y moderno Tina en acero inoxidable, ni una mancha Tecnología Steam, elimina hasta en un 99% los alérgenos Sistema de lavado 6 Motion, más eficiencia en cada movimiento Lava dos cargas al tiempo por separado Panel de control digital, intuitivo y moderno Tina en acero inoxidable, ni una mancha Tecnología Steam, elimina hasta en un 99% los alérgenos Sistema de lavado 6 Motion, más eficiencia en cada movimiento', 'https://www.alkomprar.com/medias/8806098038022-001-750Wx750H?context=bWFzdGVyfGltYWdlc3w1MTE4NnxpbWFnZS9qcGVnfGltYWdlcy9oMWUvaDQwLzg5ODIzNjM4NjUxMTguanBnfDI3ZGZmNzJhNjcxN2ZjNmUwNjMyZGQyZmUzMjdhMzM5MTYxMWQ0YWU1MTg0ZDQ4NDk0MzZiOGIwNzllZGQ5ZGI', '', '4619890', NULL, NULL, NULL, '2019-09-23 23:16:15'),
(1556, 47, 43, 95, 'Campana de Isla Cilíndrica GE 40 cm Inoxidable CGCI400I0', 'Instalacion Pared o Isla Motor Turbina Panel Touch Pad Filtros Acero Inox Instalacion Pared o Isla Motor Turbina Panel Touch Pad Filtros Acero Inox', 'https://www.alkomprar.com/medias/7576386086196-001-750Wx750H?context=bWFzdGVyfGltYWdlc3wxMDgxMDV8aW1hZ2UvanBlZ3xpbWFnZXMvaGQ3L2hmMC85MTI3MDU2NDQxMzc0LmpwZ3w3NTk5NTQ0YWZiMzFkNjFkZjhhYTk0ZTY3NzcwYmNlNjE3YjI5MjE0ZTU0ZTM1NjZhMmNmMmE2MjU4YzRjY2Jj', '', '2458833', NULL, NULL, NULL, '2019-09-23 23:16:15'),
(1557, 47, 43, 95, 'Campana de pared MABE 90 cm Inoxidable CM9018P2I', 'Diseño Vanguardista Motor Turbina Iluminación Filtros Acero Inox Diseño Vanguardista Motor Turbina Iluminación Filtros Acero Inox', 'https://www.alkomprar.com/medias/757638903394-001-750Wx750H?context=bWFzdGVyfGltYWdlc3w2NDE0MnxpbWFnZS9qcGVnfGltYWdlcy9oZWQvaDA3LzkxMjcwNjQxNzQ2MjIuanBnfDhiMzM0NTAwNmEzZjQ3NjkyNzM5OTk5ZDcwMzEzODVlZGFlZGIzZjdmZDEzNmNkNjBmYjFkNzg2ODQ1NGJkMDA', '', '1265544', NULL, NULL, NULL, '2019-09-23 23:16:16'),
(1558, 47, 37, 108, 'Llanta DUNLOP SP581 315/80R22,5', 'Para uso dentro y fuera de carretera en cualquier posición Protección en pared lateral resisten cortes y pinchazos Compuesto especial minimiza el calentamiento Compuesto especial prolonga la vida de la Carcasa Para uso dentro y fuera de carretera en cualquier posición Protección en pared lateral resisten cortes y pinchazos Compuesto especial minimiza el calentamiento Compuesto especial prolonga la vida de la Carcasa', 'https://www.alkomprar.com/medias/7707235455652-001-750Wx750H?context=bWFzdGVyfGltYWdlc3w0OTE5MnxpbWFnZS9qcGVnfGltYWdlcy9oNDUvaDdiLzg5NDc4NTY4MzQ1OTAuanBnfGJiNDVjYTc1NDkwMjM2NmU3NzJiMDhmMGZlMTNiZWZhOWRmZDA1NWM5NWU4ZDgwZWNkY2FmMTFhMzkxYmFjZGE', '', '1270000', NULL, NULL, NULL, '2019-09-23 23:16:16'),
(1559, 47, 37, 99, 'Llanta BF GOODRICH ALL-TERRAIN T/A KO2 32X11.50 R15', 'Tracción que permite una buena motricidad en todo tipo de terrenos Robustez y duración excepcionales para ir más allá de los límites. Total polivalencia para máximo placer de conducción en las vías Tracción que permite una buena motricidad en todo tipo de terrenos Robustez y duración excepcionales para ir más allá de los límites. Total polivalencia para máximo placer de conducción en las vías', 'https://www.alkomprar.com/medias/3528707291868-001-750Wx750H?context=bWFzdGVyfGltYWdlc3w0NDgxOTB8aW1hZ2UvcG5nfGltYWdlcy9oZjcvaGQyLzkxMjMyMTkzMDg1NzQucG5nfDRiNmI3ZjVkZDk0YjFiZGQ2NmExMjQzNjU3NWE0OTBmN2U1OGIyYzVjZmY0ZDQ3OGZhMTFhN2I2OWM5ZDY5Zjc', '', '907900', NULL, NULL, NULL, '2019-09-23 23:16:16'),
(1560, 47, 37, 99, 'Llanta MICHELIN LATITUDE TOUR HP 215/65R16', 'Bienestar y confort. 5% más estable en pisos mojados en relación con la generación anterior. 5% más silencioso y 5% de reducción de las vibraciones en relación con la generación anterior. Aplicación en: 10% Off - 90% On Dura un 20% más que los principales competidores. Bienestar y confort. 5% más estable en pisos mojados en relación con la generación anterior. 5% más silencioso y 5% de reducción de las vibraciones en relación con la generación anterior. Aplicación en: 10% Off - 90% On Dura un 20% más que los principales competidores.', 'https://www.alkomprar.com/medias/3528702862773-001-750Wx750H?context=bWFzdGVyfGltYWdlc3w1MzU2OXxpbWFnZS9qcGVnfGltYWdlcy9oY2UvaDlkLzg4NzYyOTAxMTM1NjYuanBnfDVlNTA1YmQ0ZTE2NzkzNTJlYTJjMmVlNTRmYTc5MTU2NmUxNzE4NmM1MzY5ZmMzOTQwYjVlYTA0YzZiMjQ4MzM', '', '445500', NULL, NULL, NULL, '2019-09-23 23:16:17'),
(1561, 47, 37, 109, 'Llanta MICHELIN AGILIS R 225/70 R15C', 'Más resistente a perforaciones. Menor gasto de combustible. Aplicación en: Utilitarios Mejor costo por kilómetro del mercado 40% más durable. Más resistente a perforaciones. Menor gasto de combustible. Aplicación en: Utilitarios Mejor costo por kilómetro del mercado 40% más durable.', 'https://www.alkomprar.com/medias/3528702886526-001-750Wx750H?context=bWFzdGVyfGltYWdlc3wyMzU0OTJ8aW1hZ2UvcG5nfGltYWdlcy9oZGUvaDNiLzkwNDAxMzU1NTMwNTQucG5nfDRiYzcwZmYxNjY1YmVhNjQwMTU4NjBiZjMxZWZiMjFmYWI2YWNhMzFhMjMwZmFlNDI5ZDBiZGQxYmQ2Y2EzMzU', '', '479900', NULL, NULL, NULL, '2019-09-23 23:16:17'),
(1562, 47, 37, 99, 'Llanta MICHELIN PILOT SPORT 3 255/35 R18 RUN FLAT', 'Excelente estabilidad en curvas, derivada de la experiencia en competición. Mucho más seguridad. Frena hasta 3 metros antes en piso mojado, en relación a la generación anterior. Excelente estabilidad en curvas, derivada de la experiencia en competición. Mucho más seguridad. Frena hasta 3 metros antes en piso mojado, en relación a la generación anterior.', 'https://www.alkomprar.com/medias/3528706040924-001-750Wx750H?context=bWFzdGVyfGltYWdlc3w0NDA0M3xpbWFnZS9qcGVnfGltYWdlcy9oNjgvaDBmLzg4NzY4MTQ2NjM3MTAuanBnfDZjN2Y0YmZhMWFjNWJjYWZmMTNlYTc3MDU2NWYzMDBhM2Q4N2RhZmM3NmI0ODExZjI4NDRiZjkwZGY0OTYzYWQ', '', '1266900', NULL, NULL, NULL, '2019-09-23 23:16:18'),
(1563, 47, 37, 99, 'Llanta MICHELIN PRIMACY 3 245/45 R18 RUN FLAT', 'Mayor adherencia en curvas sobre piso mojado, ofreciendo mayor control de la trayectoria del vehículo, aún en situaciones peligrosas. Ahorra 2% de combustible, en relación con la media de los competidores Dura un 16% más que los principales competidores. Mayor adherencia en curvas sobre piso mojado, ofreciendo mayor control de la trayectoria del vehículo, aún en situaciones peligrosas. Ahorra 2% de combustible, en relación con la media de los competidores Dura un 16% más que los principales competidores.', 'https://www.alkomprar.com/medias/3528708318991-001-750Wx750H?context=bWFzdGVyfGltYWdlc3w1NDE4MXxpbWFnZS9qcGVnfGltYWdlcy9oZGEvaDk1Lzg4NzcxMzM3NTg0OTQuanBnfDYyNzY3OTBlZDE1ZTg2MTgxOWQyYmRiMTdjMmYwZTNjY2RhNzExYzdiZjg1NWU0ZjVkODcyMTMzZGNmOTkxOTI', '', '1010900', NULL, NULL, NULL, '2019-09-23 23:16:19');
INSERT INTO `productos` (`id_pro`, `id_empresa`, `id_categoria`, `id_subcategoria`, `nombre_pro`, `descripcion_pro`, `imagen_pro`, `precioAnterior_pro`, `precioNuevo_pro`, `diasOferta_pro`, `inicioOferta_pro`, `finOferta_pro`, `fecha_registro_pro`) VALUES
(1564, 47, 37, 99, 'Llanta KENDA KR28 265/65R17', 'Tracción en múltiples aplicaciones Doble construcción de cinturones de acero Capa adicional de caucho protector en la banda Tracción en múltiples aplicaciones Doble construcción de cinturones de acero Capa adicional de caucho protector en la banda', 'https://www.alkomprar.com/medias/4717954422753-001-750Wx750H?context=bWFzdGVyfGltYWdlc3w1NDQ2N3xpbWFnZS9qcGVnfGltYWdlcy9oNjUvaDk1Lzg4ODcwNzU3OTkwNzAuanBnfDE0Y2U0MTMxMjdhMjRhY2E3MWZmNWQyNWIxM2NhYjRiOWYxZGYxMzQ3ZTZjOTM1M2VmNTA5YjlmYzc0YWUyMWQ', '', '416175', NULL, NULL, NULL, '2019-09-23 23:16:19'),
(1565, 47, 37, 109, 'Llanta MICHELIN AGILIS R 195/70 R15C', 'Más resistente a perforaciones. Menor gasto de combustible. Aplicación en: Utilitarios Mejor costo por kilómetro del mercado 40% más durable. Más resistente a perforaciones. Menor gasto de combustible. Aplicación en: Utilitarios Mejor costo por kilómetro del mercado 40% más durable.', 'https://www.alkomprar.com/medias/3528705439538-001-750Wx750H?context=bWFzdGVyfGltYWdlc3wyMzU0OTJ8aW1hZ2UvcG5nfGltYWdlcy9oYmMvaDRkLzkwNDAxMzA4MzQ0NjIucG5nfGEzNzJlYjA0ZjJjZmNhNWJkYWRkZmMzNGJmZmU0OTM5NzcyMTVhNDI2ZTVhYWI1ODA3NWUwN2Y2OTQwNzI3MGQ', '', '414900', NULL, NULL, NULL, '2019-09-23 23:16:20'),
(1566, 47, 37, 99, 'Llanta MICHELIN PILOT SPORT 3 245/35 R18 RUN FLAT', 'Excelente estabilidad en curvas, derivada de la experiencia en competición. Mucho más seguridad. Frena hasta 3 metros antes en piso mojado, en relación a la generación anterior. Excelente estabilidad en curvas, derivada de la experiencia en competición. Mucho más seguridad. Frena hasta 3 metros antes en piso mojado, en relación a la generación anterior.', 'https://www.alkomprar.com/medias/3528707449450-001-750Wx750H?context=bWFzdGVyfGltYWdlc3w0NDA0M3xpbWFnZS9qcGVnfGltYWdlcy9oOGIvaDJkLzg4NzY4MjY0NjAxOTAuanBnfGZkYzdiZThmYjgzMWUyNmMwYzBmMTI2MDNjOWRkZjM1ZGVkZTY2Mzc0NWQ1OGY5M2QyNGI4NDkwYTg4ODhiNzE', '', '1227900', NULL, NULL, NULL, '2019-09-23 23:16:20'),
(1567, 47, 37, 99, 'Llanta MICHELIN PILOT SUPER SPORT ZP 225/35R19', 'Frena hasta 3 metros antes, en relación con la generación anterior en pista mojada. Desarrollada en sociedad con las montadoras más exigentes: BMW, Ferrari y Porsche. Es una llanta más rápida, más segura y brinda un excelente placer al conducir Frena hasta 3 metros antes, en relación con la generación anterior en pista mojada. Desarrollada en sociedad con las montadoras más exigentes: BMW, Ferrari y Porsche. Es una llanta más rápida, más segura y brinda un excelente placer al conducir', 'https://www.alkomprar.com/medias/3528704772025-001-750Wx750H?context=bWFzdGVyfGltYWdlc3w0MjYwN3xpbWFnZS9qcGVnfGltYWdlcy9oYjgvaGE4Lzg4NzY4MDE2ODc1ODIuanBnfDljOTZkMGVjMjUyYWI2NjFmZTQ4MDQyZjUwMWQ5NzUwOGEyMTc5N2E1ZGU3YjllOTg0N2NiZTczMzVkOWVkYTU', '', '1117900', NULL, NULL, NULL, '2019-09-23 23:16:21'),
(1568, 47, 37, 99, 'Llanta MICHELIN PILOT SPORT 4 SUV 255/35 R19', 'Excelente control y reactividad Frena hasta 2 metros antes en piso mojado y frena hasta 1 metro antes en piso seco. 6 meses más de placer en conducir. Con las tecnologías inspiradas en la Fórmula E y en otras competencias. Excelente control y reactividad Frena hasta 2 metros antes en piso mojado y frena hasta 1 metro antes en piso seco. 6 meses más de placer en conducir. Con las tecnologías inspiradas en la Fórmula E y en otras competencias.', 'https://www.alkomprar.com/medias/3528704956296-001-750Wx750H?context=bWFzdGVyfGltYWdlc3w1NDE4MXxpbWFnZS9qcGVnfGltYWdlcy9oMjAvaDg1Lzg4NzY4MDUyMjY1MjYuanBnfGU1MWQ1YmE4NjU0ZDY2YjZiOTM2MjczNDdmMzZlZTJiMWZjYjc0NDViNWE3ODgzNGIwOGFjMTM5NTdiNDAzNmY', '', '1362900', NULL, NULL, NULL, '2019-09-23 23:16:21'),
(1569, 47, 37, 99, 'Llanta MICHELIN LATITUDE SPORT 3 315/35 R20', 'Durabilidad y robustez para una utilización 100% on road. Menor consumo de combustible debido a menor resistencia al rodaje Excepcional desempeño sobre suelos mojados para garantizar un mayor nivel de seguridad Durabilidad y robustez para una utilización 100% on road. Menor consumo de combustible debido a menor resistencia al rodaje Excepcional desempeño sobre suelos mojados para garantizar un mayor nivel de seguridad', 'https://www.alkomprar.com/medias/3528701461083-001-750Wx750H?context=bWFzdGVyfGltYWdlc3w4NjMyM3xpbWFnZS9qcGVnfGltYWdlcy9oOWMvaDg4Lzg4NzU4MTYwMjYxNDIuanBnfDUyM2MxNTkzMzg1NDUxODJhNWNiZTYxZDJlYzQ1ODEzYjJkNmI1YTBmMWE4ODZmYjUyNTA3MzM0ZTM1NDJhNzA', '', '1781900', NULL, NULL, NULL, '2019-09-23 23:16:22'),
(1570, 47, 37, 99, 'Llanta MICHELIN AGILIS R 205/70 R15C', 'Más resistente a perforaciones. Menor gasto de combustible. Aplicación en: Utilitarios Mejor costo por kilómetro del mercado 40% más durable. Más resistente a perforaciones. Menor gasto de combustible. Aplicación en: Utilitarios Mejor costo por kilómetro del mercado 40% más durable.', 'https://www.alkomprar.com/medias/3528703971344-001-750Wx750H?context=bWFzdGVyfGltYWdlc3wyMzU0OTJ8aW1hZ2UvcG5nfGltYWdlcy9oMDgvaDQzLzkwNDAxMzIwMTQxMTAucG5nfDdmZTQ3ZDg2OTJjNTZmZTJiMjMyN2ZkZGU2ZTZjN2YzZTM0NTViOGE0MjUyMDEwOGIzNjAzNTE3YjAzYTk4OTg', '', '479900', NULL, NULL, NULL, '2019-09-23 23:16:22'),
(1571, 47, 37, 99, 'Llanta MICHELIN PRIMACY 3 275/40 R18 RUN FLAT', 'Mayor adherencia en curvas sobre piso mojado, ofreciendo mayor control de la trayectoria del vehículo, aún en situaciones peligrosas. Ahorra 2% de combustible, en relación con la media de los competidores Dura un 16% más que los principales competidores. Mayor adherencia en curvas sobre piso mojado, ofreciendo mayor control de la trayectoria del vehículo, aún en situaciones peligrosas. Ahorra 2% de combustible, en relación con la media de los competidores Dura un 16% más que los principales competidores.', 'https://www.alkomprar.com/medias/3528704328536-001-750Wx750H?context=bWFzdGVyfGltYWdlc3w1NDE4MXxpbWFnZS9qcGVnfGltYWdlcy9oNmMvaDRlLzg4NzYzMDQyNjkzNDIuanBnfDBjOTIyNDhmYjY5ZmMyNGY5ODJjY2ZlZWM0MTdiYTkzMGYyMTVmZjA1YzhhMjNiZjk1MDk0MjAxZjM0Yzc0NTQ', '', '1358900', NULL, NULL, NULL, '2019-09-23 23:16:23'),
(1572, 47, 37, 99, 'Llanta MICHELIN LTX FORCE 255/70 R15', 'Frena hasta 2m antes en piso mojado control situacion de aquaplaning Fuera de carretera tracción y robustez comprobada uso extremo de rally Dura un 35% más que los principales competidores de la categoría Frena hasta 2m antes en piso mojado control situacion de aquaplaning Fuera de carretera tracción y robustez comprobada uso extremo de rally Dura un 35% más que los principales competidores de la categoría', 'https://www.alkomprar.com/medias/3528704323814-001-750Wx750H?context=bWFzdGVyfGltYWdlc3wzMDgyMzB8aW1hZ2UvanBlZ3xpbWFnZXMvaGM4L2hjNi85MDY3ODgwMzE2OTU4LmpwZ3wzZDI1NjQxZTg2ZGUzNDdhY2E3MTYyMzAzMTE0MDY5OWZlM2VhN2E2YmE2NGUwODIwZWUwNWQ0YjFlMTBhOWYy', '', '610900', NULL, NULL, NULL, '2019-09-23 23:16:23'),
(1573, 47, 37, 98, 'Llanta GOODYEAR ASSURANCE TRIPT A/S 98H VSB Camioneta 225/60 r17', 'Pisada confiable para todo tipo de condición climatic Tracción optimizada en terrenos húmedos Pisada confiable para todo tipo de condición climatic Tracción optimizada en terrenos húmedos', 'https://www.alkomprar.com/medias/7701964005638-001-750Wx750H?context=bWFzdGVyfGltYWdlc3w5MzY1M3xpbWFnZS9qcGVnfGltYWdlcy9oODMvaDQ0LzkxMjUzNTQwNzgyMzguanBnfDNlYThjODYyZTcxMmM5NzE5NGM0ZGU0Mjk2MDdlNTZmNmRiMTg0MzIzNDA1N2FjNTc4YjY5ODRmYThkZDc1NzQ', '', '528675', NULL, NULL, NULL, '2019-09-23 23:16:23'),
(1574, 47, 37, 99, 'Llanta GOODYEAR Wrangler 265/65R17', 'Mejor desempeño en superficies mojadas Estabilidad lateral y reducción de ruido Mayor rendimiento de la banda de rodamiento Mejor desempeño en superficies mojadas Estabilidad lateral y reducción de ruido Mayor rendimiento de la banda de rodamiento', 'https://www.alkomprar.com/medias/7701964007458-001-750Wx750H?context=bWFzdGVyfGltYWdlc3w1MjQ4NHxpbWFnZS9qcGVnfGltYWdlcy9oYmMvaGEwLzkwODc4NDkyNjcyMzAuanBnfDc1MDIzZjBlOGQ5YWJmZjQwMDU5N2JiYTlhNzJlNTJhYTMwNDE2Njk0OThkYzA5MTllMjZmZjU2MjRiNmFkZWE', '', '480675', NULL, NULL, NULL, '2019-09-23 23:16:24'),
(1575, 47, 37, 99, 'Llanta Toyo OPAT2 265/75R16', '', 'https://www.alkomprar.com/medias/4981910725695-001-750Wx750H?context=bWFzdGVyfGltYWdlc3w1Njg4NHxpbWFnZS9qcGVnfGltYWdlcy9oNDMvaGE5Lzg4OTE0ODk5MTA4MTQuanBnfGMyZmY0YTBkNjMxMzE0NmMyMTM3MTYyMTI1OThmMTEwMTM4ODI2YTgwZmY4NDI2MjJlODI5OWNkMjc1NDBmYTQ', '', '649900', NULL, NULL, NULL, '2019-09-23 23:16:24'),
(1576, 47, 37, 99, 'Llanta MICHELIN X® LT A/S 255/70R16', 'Con 2 lonas carcasa y cables más gruesos y densos y la tecnología EVERTREAD™, permite encarar trabajos pesados. Más seguridad. 25% más control en situaciones de aquaplaning en curva. La tecnología MaxTouch Construction™, garantiza un desgaste uniforme de la banda de rodamiento Con 2 lonas carcasa y cables más gruesos y densos y la tecnología EVERTREAD™, permite encarar trabajos pesados. Más seguridad. 25% más control en situaciones de aquaplaning en curva. La tecnología MaxTouch Construction™, garantiza un desgaste uniforme de la banda de rodamiento', 'https://www.alkomprar.com/medias/3528701395425-001-750Wx750H?context=bWFzdGVyfGltYWdlc3w1NDY3NnxpbWFnZS9qcGVnfGltYWdlcy9oOWYvaGU2Lzg4NzU4MTQ4NDY0OTQuanBnfGM5YzNhNjRiODQ5NzFhYmJlYWE0YmIzOGRmYzBhZjIyZTEwNTIxYTM5Mzc2MWE2Nzg0YjJkMmZjYTAxZGQ1OTA', '', '618900', NULL, NULL, NULL, '2019-09-23 23:16:25'),
(1577, 47, 37, 109, 'Llanta MICHELIN AGILIS 195R14C', 'Más resistente a perforaciones. Menor gasto de combustible. Aplicación en: Utilitarios Mejor costo por kilómetro del mercado 40% más durable. Más resistente a perforaciones. Menor gasto de combustible. Aplicación en: Utilitarios Mejor costo por kilómetro del mercado 40% más durable.', 'https://www.alkomprar.com/medias/086699143075-001-750Wx750H?context=bWFzdGVyfGltYWdlc3wxNjg1MDV8aW1hZ2UvcG5nfGltYWdlcy9oM2IvaDQzLzg4MTY4ODA2MTU0NTQucG5nfDA0MjBmMGNmZTdmYzg1NTQ0NmNhNDU1MmQ4OTNjZDc4YjRkN2U1ZGNmMWMzOTU1Yjc5ZjI3Y2E3MzNhZGNiYTI', '', '359900', NULL, NULL, NULL, '2019-09-23 23:16:25'),
(1578, 47, 37, 99, 'Llanta COOPER 125/122P DISCOVERER STT PRO Camioneta 275/70 r18', 'Tecnologia Armor-Tek3 Excelente traccion y desempeño en terrenos dificiles Traccion y agarre aumentado en terrenos lodosos y rocosos Tecnologia Armor-Tek3 Excelente traccion y desempeño en terrenos dificiles Traccion y agarre aumentado en terrenos lodosos y rocosos', 'https://www.alkomprar.com/medias/029142829461-001-750Wx750H?context=bWFzdGVyfGltYWdlc3wyNTU2MDV8aW1hZ2UvanBlZ3xpbWFnZXMvaDVlL2hmYy85MDY1NzQxNzc4OTc0LmpwZ3w3ZDI1MjA5M2JmNjE1NWIzY2I2MzcxODU0OWNkNzU5NmFjNTk2Zjc2ZTdkZGY0ODU2ZjRkYzIxN2E4ZmU0YTlk', '', '1177900', NULL, NULL, NULL, '2019-09-23 23:16:26'),
(1579, 47, 37, 99, 'Llanta COOPER 126/123Q DISCOVERER STT PRO Camioneta 285/75 r16', 'Tecnologia Armor-Tek3 Excelente traccion y desempeño en terrenos dificiles Traccion y agarre aumentado en terrenos lodosos y rocosos Tecnologia Armor-Tek3 Excelente traccion y desempeño en terrenos dificiles Traccion y agarre aumentado en terrenos lodosos y rocosos', 'https://www.alkomprar.com/medias/029142829430-001-750Wx750H?context=bWFzdGVyfGltYWdlc3wyNTU2MDV8aW1hZ2UvanBlZ3xpbWFnZXMvaDkwL2gyYi85MDY1NzQxMTg5MTUwLmpwZ3xlZDA4MjYyNjhlZmQ0NzA5NzdlOWE0M2NkMTE3OGY0NjNkNjRkMzE4OTNiMjljY2RmYzNjNjI1ZTIyMTQyZDFj', '', '910900', NULL, NULL, NULL, '2019-09-23 23:16:26'),
(1580, 47, 37, 99, 'Llanta COOPER 124/121R DISCOVERER A/T3 Camioneta 325/60 r18', 'Tecnologia Armor-Tek3 Excelente traccion y desempeño en terrenos dificiles Traccion y agarre aumentado en terrenos lodosos y rocosos Tecnologia Armor-Tek3 Excelente traccion y desempeño en terrenos dificiles Traccion y agarre aumentado en terrenos lodosos y rocosos', 'https://www.alkomprar.com/medias/029142830177-001-750Wx750H?context=bWFzdGVyfGltYWdlc3wxMjI5NTV8aW1hZ2UvanBlZ3xpbWFnZXMvaDBlL2gzZS85MDY1NzQ5NDQ2Njg2LmpwZ3wyNjE5ZWU0NTFmNDFhMmM5ZDJkOGRlNWI0OWViM2YyZDNjODU3NGMyYjJmYTlmMzJjZThkMjg3OTMyM2IyNDkz', '', '1325900', NULL, NULL, NULL, '2019-09-23 23:16:27'),
(1581, 47, 37, 99, 'Llanta COOPER 123/120Q DISCOVERER STT PRO Camioneta 265/75 r16', 'Tecnologia Armor-Tek3 Excelente traccion y desempeño en terrenos dificiles Traccion y agarre aumentado en terrenos lodosos y rocosos Tecnologia Armor-Tek3 Excelente traccion y desempeño en terrenos dificiles Traccion y agarre aumentado en terrenos lodosos y rocosos', 'https://www.alkomprar.com/medias/029142829416-001-750Wx750H?context=bWFzdGVyfGltYWdlc3wyNTU2MDV8aW1hZ2UvanBlZ3xpbWFnZXMvaGEwL2g5Ni85MDY1NzQwNTk5MzI2LmpwZ3w1OTdkMjI5YWUyZGYwOTU3OWRhMzgwMzczNDdmMjJiMzBmYjZjMjUxODQyNGE0ZmMzOGUxMzUyMjlkN2RlYWVj', '', '869900', NULL, NULL, NULL, '2019-09-23 23:16:27'),
(1582, 47, 31, 100, 'TV SONY 65 Pulgadas 165 Cm XBR-65X857G 4K Smart TV', 'Acoustic Multi Audio, sistema de sonido inmersivo Motionflow 960 , movimientos nitidoz y fluidos Procesador X1 HDR , Mejoramiento de imagen y escalador Bluetooth emisor y receptor, para conectar accesorios Acoustic Multi Audio, sistema de sonido inmersivo Motionflow 960 , movimientos nitidoz y fluidos Procesador X1 HDR , Mejoramiento de imagen y escalador Bluetooth emisor y receptor, para conectar accesorios', 'https://www.alkomprar.com/medias/4548736097117-001-750Wx750H?context=bWFzdGVyfGltYWdlc3wzNjYyMTd8aW1hZ2UvanBlZ3xpbWFnZXMvaDI4L2g2Yy85MTI5MTQxODYyNDMwLmpwZ3w5YzA5YzQ0N2Y5MGE2YjA5NGI2YTdiODllMDE0YWE4ZDA5Mzc3NzJhYjM3NDFlYjlmZTYyYTc4NDRhNjJjYzNj', '', '10999900', NULL, NULL, NULL, '2019-09-23 23:16:28'),
(1583, 47, 31, 100, 'TV SONY 75 Pulgadas 189 Cm XBR-75X807G 4K Smart TV', 'Triluminos Display, mayor gamas de color Motionflow 240 , movimientos nitidoz y fluidos Procesador 4K X Reality Pro, escalador de imagen Descarga de juegos tipo consola de Google Play Store Triluminos Display, mayor gamas de color Motionflow 240 , movimientos nitidoz y fluidos Procesador 4K X Reality Pro, escalador de imagen Descarga de juegos tipo consola de Google Play Store', 'https://www.alkomprar.com/medias/4548736097131-001-750Wx750H?context=bWFzdGVyfGltYWdlc3wzOTI5MzB8aW1hZ2UvanBlZ3xpbWFnZXMvaDExL2g2NS85MTI5MTM2NTU0MDE0LmpwZ3w2NzUyNDViOTVmMDRjMjVjMmEwMTNiMmJlZGNmZmQ2MjJkZmRjMjdjODE2OGU3NjY0ZTYwZmYxNzk3NjEwNTIz', '', '5999900', NULL, NULL, NULL, '2019-09-23 23:16:29'),
(1584, 47, 31, 100, 'TV SONY 85 Pulgadas 215 Cm XBR-85X857G 4K Smart TV', 'Acoustic Multi Audio, sistema de sonido inmersivo Motionflow 960 , movimientos nitidoz y fluidos Procesador X1 HDR , Mejoramiento de imagen y escalador Bluetooth emisor y receptor, para conectar accesorios Acoustic Multi Audio, sistema de sonido inmersivo Motionflow 960 , movimientos nitidoz y fluidos Procesador X1 HDR , Mejoramiento de imagen y escalador Bluetooth emisor y receptor, para conectar accesorios', 'https://www.alkomprar.com/medias/4548736097100-001-750Wx750H?context=bWFzdGVyfGltYWdlc3wzNjYyMTd8aW1hZ2UvanBlZ3xpbWFnZXMvaGQ0L2g2Ni85MTI5MTQ3MTcwODQ2LmpwZ3wxNWU4ZmZhNTY4ZjNlNzRhMjI4ZmZjYzUyMTQ2YWEwZTIxYTY4YjZhZDQzZjQwYThjY2RjMzc3OTQxMDRmODBk', '', '9999900', NULL, NULL, NULL, '2019-09-23 23:16:29'),
(1585, 47, 31, 100, 'TV SONY 65 Pulgadas 165 Cm XBR-65X957G 4K Smart TV', 'Acoustic Multi Audio, sistema de sonido inmersivo Xtended Dinamic Range , mayor brillo y contraste Funcion Manos Libres para comandos de voz y asistente Bluetooth emisor y receptor, para conectar accesorios Acoustic Multi Audio, sistema de sonido inmersivo Xtended Dinamic Range , mayor brillo y contraste Funcion Manos Libres para comandos de voz y asistente Bluetooth emisor y receptor, para conectar accesorios', 'https://www.alkomprar.com/medias/4548736097070-001-750Wx750H?context=bWFzdGVyfGltYWdlc3wzNjcyMTZ8aW1hZ2UvanBlZ3xpbWFnZXMvaDdkL2hlNy85MTI5MTU5NTU3MTUwLmpwZ3w5NjcxMjgyZGI0MzRiM2IwMjcxOTg0ZWIwZjhiMjZmNThlNjQ5ODBjNGRmOTI5ZDE2MjE3YWI0MWE3MmM2YWQz', '', '5999900', NULL, NULL, NULL, '2019-09-23 23:16:30'),
(1586, 47, 31, 100, 'TV SAMSUNG 55 Pulgadas 138 Cm 55Q900 QLED 8K HDR Smart TV', 'Quantum 8K:Procesador IA para una imagen perfecta 8K Up Scaling: Transforma cualquier imágen a 8K SmartThings app: Controla todos los dispositivos con la voz One Remote: Controla todos los dispositivos con un control Modo ambiente: Decora tu hogar con la pantalla de tu TV Quantum 8K:Procesador IA para una imagen perfecta 8K Up Scaling: Transforma cualquier imágen a 8K SmartThings app: Controla todos los dispositivos con la voz One Remote: Controla todos los dispositivos con un control Modo ambiente: Decora tu hogar con la pantalla de tu TV', 'https://www.alkomprar.com/medias/8806090050060-001-750Wx750H?context=bWFzdGVyfGltYWdlc3wzNjMyODh8aW1hZ2UvanBlZ3xpbWFnZXMvaGIyL2gyZC85MTMzNjA5Nzc5MjMwLmpwZ3w1MTBmMjMwYTI5ZDk3NWRlMjM0OTg3NzgzZjgxZGNmMDQ2ZmMyYmY2MTliYTEyZWE4NGViMzQ5ZTFlZjdhZmY1', '', '8599900', NULL, NULL, NULL, '2019-09-23 23:16:30'),
(1587, 47, 31, 100, 'TV SAMSUNG 65 Pulgadas 163 Cm 65Q900 QLED 8K HDR Smart TV', 'Quantum 8K:Procesador IA para una imagen perfecta 8K Up Scaling: Transforma cualquier imágen a 8K SmartThings app: Controla todos los dispositivos con la voz One Remote: Controla todos los dispositivos con un control Modo ambiente: Decora tu hogar con la pantalla de tu TV Quantum 8K:Procesador IA para una imagen perfecta 8K Up Scaling: Transforma cualquier imágen a 8K SmartThings app: Controla todos los dispositivos con la voz One Remote: Controla todos los dispositivos con un control Modo ambiente: Decora tu hogar con la pantalla de tu TV', 'https://www.alkomprar.com/medias/8806090050077-001-750Wx750H?context=bWFzdGVyfGltYWdlc3wzNjMyODh8aW1hZ2UvanBlZ3xpbWFnZXMvaGUxL2g2ZC85MTMzNjEyMTM4NTI2LmpwZ3xiNmU5OTkwMDQ3MGVhNmFkYjgzZDRhMThhMGFhZWY1N2I3OTBlMmMzNGFmNTQ5NGQ5ZDVhYjYxZTQ1ZDQ1NTg2', '', '10999900', NULL, NULL, NULL, '2019-09-23 23:16:31'),
(1588, 47, 31, 100, 'TV SAMSUNG 65 Pulgadas 164 Cm QLED Plano Smart TV', 'Quantum Procesador 4K, inteligencia artificial para una imagen perfecta SmartThings, controla todos los dispositivos con la voz Ultra Black, Reduce el reflejo de la luz exterior hasta 40% One Remote, todos los dispositivos con un solo control Modo ambiente, decora tu hogar con la pantalla Quantum Procesador 4K, inteligencia artificial para una imagen perfecta SmartThings, controla todos los dispositivos con la voz Ultra Black, Reduce el reflejo de la luz exterior hasta 40% One Remote, todos los dispositivos con un solo control Modo ambiente, decora tu hogar con la pantalla', 'https://www.alkomprar.com/medias/8801643636425-001-750Wx750H?context=bWFzdGVyfGltYWdlc3w4Nzg5OXxpbWFnZS9qcGVnfGltYWdlcy9oM2EvaDQ0LzkxMDE2MzAzNDExNTAuanBnfGI4M2FjMzIxOWViYjIzNDdkMmEyMDkwMDc1YjljZGNjOGEyMzg2NTg4ZTlhNDFmZjg1NTYwMGZlZTI1ZDk0M2M', '', '4699900', NULL, NULL, NULL, '2019-09-23 23:16:31'),
(1589, 47, 31, 100, 'TV SAMSUNG 75 Pulgadas 194 Cm 8K LED Plano Smart TV', 'Quantum Procesador 8K, inteligencia artificial para una imagen perfecta SmartThings, controla todos los dispositivos con la voz One Remote, todos los dispositivos con un solo control Modo ambiente, decora tu hogar con la pantalla Modo ambiente: Decora tu hogar con la pantalla de tu TV Quantum Procesador 8K, inteligencia artificial para una imagen perfecta SmartThings, controla todos los dispositivos con la voz One Remote, todos los dispositivos con un solo control Modo ambiente, decora tu hogar con la pantalla Modo ambiente: Decora tu hogar con la pantalla de tu TV', 'https://www.alkomprar.com/medias/8801643752699-001-750Wx750H?context=bWFzdGVyfGltYWdlc3wxMTAwNTJ8aW1hZ2UvanBlZ3xpbWFnZXMvaGRhL2hhYy85MDk3NzQ0NzQ0NDc4LmpwZ3w1ZTEwOTNmZDllODM5NTZhNDAwZDUwMzIyYWQyMDYwOWIxMzhkNzEwYjU3MGEzMGQ4MTMwNTg1YjUwMjkxMTIw', '', '18999900', NULL, NULL, NULL, '2019-09-23 23:16:32'),
(1590, 47, 31, 100, 'TV SONY 65 Pulgadas 163 Cm 65A8F4KIn 4K Ultra HD OLED Plano Smart TV', 'Tecnología 4K Ultra HD, resolución que rompe barreras Smart TV, ponte al día con tus series favoritas Bluetooth, transmite tus datos fácilmente El control está en tu voz TDT, disfruta de los canales nacionales Tecnología 4K Ultra HD, resolución que rompe barreras Smart TV, ponte al día con tus series favoritas Bluetooth, transmite tus datos fácilmente El control está en tu voz TDT, disfruta de los canales nacionales', 'https://www.alkomprar.com/medias/4548736075580-001-750Wx750H?context=bWFzdGVyfGltYWdlc3w0MDAzMTN8aW1hZ2UvanBlZ3xpbWFnZXMvaDEwL2hhYS85MTE4NTM4NjI5MTUwLmpwZ3xkNWY1NDIxYTU1YzBkN2E5YjJlNjU4NjBjYzUxMTMxMTg3NTU5ZGZkMTFkZThiMjc3NzczMTRiZDRhMWZlMjE0', '', '8499900', NULL, NULL, NULL, '2019-09-23 23:16:33'),
(1591, 47, 31, 100, 'TV SONY 55 Pulgadas 138 Cm 55X807E 4K LED Plano Smart TV', 'Sistema Operativo Android TV, descarga todas tus aplicaciones Triluminous Display, más colores y más naturalidad Resolución 4K Ultra HD, imagen con una calidad imperdible Sistema Operativo Android TV, descarga todas tus aplicaciones Triluminous Display, más colores y más naturalidad Resolución 4K Ultra HD, imagen con una calidad imperdible', 'https://www.alkomprar.com/medias/4548736049178-001-750Wx750H?context=bWFzdGVyfGltYWdlc3wyNTU0Mjl8aW1hZ2UvanBlZ3xpbWFnZXMvaDk0L2g4OS85MTE4NTc0MDE4NTkwLmpwZ3w5ZGIyYjQ5MGUwZGUwYjRhZDVjM2I5Y2FjYTViNjNlZDc5MDM0NTdhMjAzNDE2Y2I5YzUzMWY5NDE2YjhiZDNj', '', '2449900', NULL, NULL, NULL, '2019-09-23 23:16:33'),
(1592, 47, 31, 100, 'TV HYUNDAI 60 Pulgadas 152 Cm HYLED60iNT 4K LED Plano Smart TV', 'Sistema Operativo Android 6.0 para la descarga veloz de APPs Alta potencia de sonido, 10 Watts RMS Smart TV, ponte al día con tus series favoritas Tecnología 4K, resolución que rompe barreras Sistema Operativo Android 6.0 para la descarga veloz de APPs Alta potencia de sonido, 10 Watts RMS Smart TV, ponte al día con tus series favoritas Tecnología 4K, resolución que rompe barreras', 'https://www.alkomprar.com/medias/7707303151851-001-750Wx750H?context=bWFzdGVyfGltYWdlc3w3OTg1NXxpbWFnZS9qcGVnfGltYWdlcy9oMGYvaDM2LzkwNjk4NzMyMDExODIuanBnfDMzZTRjYmM5MTM3MzM2Y2ZkNDk5YmM0MTc3YjFlMGU1YjQ3ODE4N2Q2OWQwYWM1NDdkOTI2Nzg4YTU2NTVhNWU', '', '1899900', NULL, NULL, NULL, '2019-09-23 23:16:33'),
(1593, 47, 31, 100, 'TV HYUNDAI 55 Pulgadas 140 Cm 5514iM 4K LED Plano Smart TV', 'Pantalla TFT, imagen más estable y nítida Android 6.0, descarga tus aplicaciones favoritas Efecto barra de sonido, cuatro parlantes para un audio envolvente Tecnología 4K Ultra HD, resolución que brinda realidad TF Card, mejora tu almacenamiento Pantalla TFT, imagen más estable y nítida Android 6.0, descarga tus aplicaciones favoritas Efecto barra de sonido, cuatro parlantes para un audio envolvente Tecnología 4K Ultra HD, resolución que brinda realidad TF Card, mejora tu almacenamiento', 'https://www.alkomprar.com/medias/7707303151134-001-750Wx750H?context=bWFzdGVyfGltYWdlc3w0NzM1MnxpbWFnZS9qcGVnfGltYWdlcy9oYmUvaGRkLzg5NTUyNTQyMTA1OTAuanBnfDM0NDVhNDJkMzU3N2I1NDc1NzcwMzYxZDVlODJjZTNiODhhZjRiMjAyOTAwYzQzYzFmNTBlMzU0YjhjZmZiNzU', '', '1599900', NULL, NULL, NULL, '2019-09-23 23:16:34'),
(1594, 47, 31, 100, 'TV HYUNDAI 49 Pulgadas 124 Cm 4916 4K LED Plano Smart TV', 'Pantalla TFT, imagen más estable y nítida Android 6.0, descarga tus aplicaciones favoritas Efecto barra de sonido, cuatro parlantes para un audio envolvente Tecnología 4K Ultra HD, resolución que brinda realidad Salida de audífonos para mayor conectividad Pantalla TFT, imagen más estable y nítida Android 6.0, descarga tus aplicaciones favoritas Efecto barra de sonido, cuatro parlantes para un audio envolvente Tecnología 4K Ultra HD, resolución que brinda realidad Salida de audífonos para mayor conectividad', 'https://www.alkomprar.com/medias/7707303151110-001-750Wx750H?context=bWFzdGVyfGltYWdlc3w2Nzk3NnxpbWFnZS9qcGVnfGltYWdlcy9oYmQvaDBlLzg5NTUyNTMwMzA5NDIuanBnfDMyODRmZWUyY2I4ZmMyNjhkNjI3NTdhNDQ2ZDgxYTVjMjE1ODM2MDhmNzg4NDhmOWJhNTRhMmJmZjhiYjIxMDY', '', '1349900', NULL, NULL, NULL, '2019-09-23 23:16:34'),
(1595, 47, 31, 100, 'Televisor SAMSUNG 55 pulgadas 138 centimetros The Frame QLED 4K Smart TV', 'El marco se transforma en una obra de arte cuando ves TV Tenologia Quantum Dot propoprciona volumen color 100% Colecciones de arte disponible de Art Store Experimenta la tecnologia QLED, mas real imposible Asistente Bixby, cable invisible y One connect El marco se transforma en una obra de arte cuando ves TV Tenologia Quantum Dot propoprciona volumen color 100% Colecciones de arte disponible de Art Store Experimenta la tecnologia QLED, mas real imposible Asistente Bixby, cable invisible y One connect', 'https://www.alkomprar.com/medias/8806090193781-001-750Wx750H?context=bWFzdGVyfGltYWdlc3w0NDY0MDZ8aW1hZ2UvanBlZ3xpbWFnZXMvaDUyL2gxNy85MTQ0NzI5OTkzMjQ2LmpwZ3xlNmQyYTk0MDExZWMwNmFiZWY5Yjk1ODczYzczMzFkZDg1NDIwZjMwYjI3MDE4YjZkNWJmNjA1YTI3Y2ZjMTZh', '', '4599900', NULL, NULL, NULL, '2019-09-23 23:16:35'),
(1596, 47, 31, 100, 'TV SAMSUNG 75 Pulgadas 194 Cm 75Q80R QLED UHD Smart TV', 'Quantum procesador 4K, para una imagen perfecta SmartThings App, controla todos los dispositivos con la voz Ultra Black, reduce el reflejo de la luz exterior hasta 40% One Remote, un control para todos los dispositivos Modo ambiente, decora tu hogar con la pantalla Quantum procesador 4K, para una imagen perfecta SmartThings App, controla todos los dispositivos con la voz Ultra Black, reduce el reflejo de la luz exterior hasta 40% One Remote, un control para todos los dispositivos Modo ambiente, decora tu hogar con la pantalla', 'https://www.alkomprar.com/medias/8801643636548-001-750Wx750H?context=bWFzdGVyfGltYWdlc3w4NDk3NXxpbWFnZS9qcGVnfGltYWdlcy9oYmEvaGYyLzkxMDcxMDQ5ODkyMTQuanBnfDRkOTE5YjUwMDY1ZGZkNGQ0MjE2NTQ0YmI0YmYxMDJhZDJkOGZhYTcxY2NjM2ZhNDBjZGQ1ODkzNjc1OWI4NDk', '', '7999900', NULL, NULL, NULL, '2019-09-23 23:16:35'),
(1597, 47, 31, 100, 'TV SONY 75 Pulgadas 189 Cm LED Plano Smart TV', 'Tecnología 4K, resolución que rompe barreras Pantalla grande, experiencia dinámica Colores vivos desde cualquier ángulo de visión Colores vivos desde cualquier ángulo de visión Alto rango dinámico 4K Tecnología 4K, resolución que rompe barreras Pantalla grande, experiencia dinámica Colores vivos desde cualquier ángulo de visión Colores vivos desde cualquier ángulo de visión Alto rango dinámico 4K', 'https://www.alkomprar.com/medias/4548736097063-001-750Wx750H?context=bWFzdGVyfGltYWdlc3wxMTc0MTF8aW1hZ2UvanBlZ3xpbWFnZXMvaDU2L2g1Yy85MDg4MDMxMDMxMzI2LmpwZ3wzNWJjMjI0OGI2NzVkNDhkZmE5ZmNmOTQyZmIxZTg0NzIwZmVlMzgxNmUxNjNmNDVlMmNmNTc0ZTc0MDM0ZjEy', '', '10999900', NULL, NULL, NULL, '2019-09-23 23:16:36'),
(1598, 47, 31, 100, 'TV PHILIPS 50 Pulgadas 126 Cm 4K UHD Smart TV', 'Microatenuación, Pixel Precise Ultra HD Ultra resolución, 900 PPI Netflix,YouTube,Tienda de Aplicaciones online Explorador de Internet abierto Microatenuación, Pixel Precise Ultra HD Ultra resolución, 900 PPI Netflix,YouTube,Tienda de Aplicaciones online Explorador de Internet abierto', 'https://www.alkomprar.com/medias/8718863017609-001-750Wx750H?context=bWFzdGVyfGltYWdlc3wyMjYwMzJ8aW1hZ2UvanBlZ3xpbWFnZXMvaGU3L2g2OS85MTMwOTY2MTU1Mjk0LmpwZ3w4ZjNiMWFkY2QwYTg2OWQwZGM0OTRmMjUwODY1MzhjMDRhY2ZlM2MxMjU4M2NlZTcyNTc1NjcxODdiMDZmN2Nl', '', '1399900', NULL, NULL, NULL, '2019-09-23 23:16:36'),
(1599, 47, 31, 100, 'TV CHALLENGER 55 Pulgadas 140 Cm 55B23 LED UHD Smart TV', 'Procesador de 4 nucleos para mayor velocidad 8 gb de memoria para descargar tus aplicaciones favoritas Ecualizador de sonido para una mejor calidad SO Android 7.1 para mayor libertad Incluye control Android con mouse y teclado Procesador de 4 nucleos para mayor velocidad 8 gb de memoria para descargar tus aplicaciones favoritas Ecualizador de sonido para una mejor calidad SO Android 7.1 para mayor libertad Incluye control Android con mouse y teclado', 'https://www.alkomprar.com/medias/7705191038162-001-750Wx750H?context=bWFzdGVyfGltYWdlc3wzMTE2MTF8aW1hZ2UvanBlZ3xpbWFnZXMvaDQxL2hmZS85MTQ0NzM3MjAyMjA2LmpwZ3xkZDRjMjk4ZTgzY2Y5YmYzZDQzOTU0YzcwMjgxNWU3YTBmOWY5MTlhZjVhNzJkNGQwNjcxODRiNmRiYWYyMjNi', '', '1599900', NULL, NULL, NULL, '2019-09-23 23:16:37'),
(1600, 47, 31, 100, 'TV CHALLENGER 28 Pulgadas 69 Cm 28T12 HD LED Plano', 'Resolución HD, calidad en cada imagen TDT, disfruta de los canales nacionales Reproduce MP3, tus contenidos favoritos en un solo lugar Timer Sleep, controla los tiempos de tu televisor Control paterno, cuida los contenidos de tus hijos Resolución HD, calidad en cada imagen TDT, disfruta de los canales nacionales Reproduce MP3, tus contenidos favoritos en un solo lugar Timer Sleep, controla los tiempos de tu televisor Control paterno, cuida los contenidos de tus hijos', 'https://www.alkomprar.com/medias/7705191036243-001-750Wx750H?context=bWFzdGVyfGltYWdlc3wxMTEzNTd8aW1hZ2UvanBlZ3xpbWFnZXMvaGVlL2gyMy85MDc4ODI5MzE4MTc0LmpwZ3w0Zjc1ZTdlYjQwMThhZTE5YmU1MjlmZDk3MDg3ZTkxNDczNTk4MWE5NmJmZjY1N2MyMjRlNzNlMTc4M2ZhMTg3', '', '469900', NULL, NULL, NULL, '2019-09-23 23:16:37'),
(1601, 47, 31, 100, 'TV LG 55 Pulgadas 139 Cm 55C8 4K Ultra HD OLED Plano Smart TV', 'Tecnología 4K Ultra HD, resolución que rompe barreras Bluetooth, transmite tus datos fácilmente Smart TV, ponte al día con tus series favoritas Tecnología 4K Ultra HD, resolución que rompe barreras Bluetooth, transmite tus datos fácilmente Smart TV, ponte al día con tus series favoritas', 'https://www.alkomprar.com/medias/8806098155095-001-750Wx750H?context=bWFzdGVyfGltYWdlc3w1NjExN3xpbWFnZS9qcGVnfGltYWdlcy9oNWMvaGFlLzg5ODI3MzExNjE2MzAuanBnfGYwYjM2NDRhZWRjZTY0OWZjNzhkZTUzMjE4MjY0NmEwYzE5YjA2NWQ0ZGE0YmY3M2Y2NjZjOWJiNWRmNjkzMWM', '', '4599900', NULL, NULL, NULL, '2019-09-23 23:16:38'),
(1602, 47, 31, 100, 'TV KALLEY 65 Pulgadas 164 Cm 65UHDSVT2 4K Ultra HD LED Plano Smart TV', 'Tecnología 4K Ultra HD, resolución que brinda realidad Smart TV, no te pierdas tus películas preferidas Bluetooth, transmite tus datos fácilmente Tecnología 4K Ultra HD, resolución que brinda realidad Smart TV, no te pierdas tus películas preferidas Bluetooth, transmite tus datos fácilmente', 'https://www.alkomprar.com/medias/7705946372343-001-750Wx750H?context=bWFzdGVyfGltYWdlc3w3NDczOXxpbWFnZS9qcGVnfGltYWdlcy9oOTQvaGM2LzkwNTQyNTc4MDczOTAuanBnfGM0MTFmNjkwYWNkNDgyOWI5ZDNmZTU5N2I2NDMwNDY5NjJmZGFjYjRmMmE2ZGM2NmUyMTEwMDRmYzA3MTRhYTQ', '', '2999900', NULL, NULL, NULL, '2019-09-23 23:16:38'),
(1603, 47, 31, 100, 'TV KALLEY 55 Pulgadas 139 Cm 55UHDSVT2 4K Ultra HD LED Plano Smart TV', 'Tecnología 4K Ultra HD, resolución que brinda realidad Smart TV, no te pierdas tus películas preferidas Bluetooth, transmite tus datos fácilmente Tecnología 4K Ultra HD, resolución que brinda realidad Smart TV, no te pierdas tus películas preferidas Bluetooth, transmite tus datos fácilmente', 'https://www.alkomprar.com/medias/7705946372336-001-750Wx750H?context=bWFzdGVyfGltYWdlc3w3NDAzOHxpbWFnZS9qcGVnfGltYWdlcy9oZjQvaDk2LzkwNTQyNTMwODg3OTguanBnfDE1MjMxZWZhMWQ5MDYxOWFkZmNiNmQ3ZjA0M2QzYTRiNDlmY2I0YzBlNTUxYTY5M2Q0OWJjOWFmZmQ3ZGMwN2Q', '', '1999900', NULL, NULL, NULL, '2019-09-23 23:16:39'),
(1604, 47, 31, 100, 'TV LG 65 Pulgadas 164 Cm 65UK6350 4K UHD LED Plano Smart TV', '4K Active HDR, escenas más reales Rango amplio de contraste para colores vívidos Admite múltiples formatos incluidos HDR10 Pro y HLG Pro Tecnología de sonido que crea canales múltiples, efecto envolvente 4K Active HDR, escenas más reales Rango amplio de contraste para colores vívidos Admite múltiples formatos incluidos HDR10 Pro y HLG Pro Tecnología de sonido que crea canales múltiples, efecto envolvente', 'https://www.alkomprar.com/medias/8806098214143-001-750Wx750H?context=bWFzdGVyfGltYWdlc3wyNzg5NTZ8aW1hZ2UvanBlZ3xpbWFnZXMvaDA5L2hjNC85MTE2OTkyMzM5OTk4LmpwZ3xhMTQyODBlNDdkNjgwYTMxYTdhZWUwMDNiYThhYmZkNDE1MmUzYzVmNmY0MjMwYmYyM2JkZGNkMWUxZjg1ZjZm', '', '2299900', NULL, NULL, NULL, '2019-09-23 23:16:39'),
(1605, 47, 31, 100, 'TV KALLEY 43 Pulgadas 109 Cm K43 UHDT2 LED Plano Smart TV', 'X Protection Pro, tu televisor estará impecable Smart TV, no te pierdas tus películas preferidas Tecnología 4K, resolución que rompe barreras X Protection Pro, tu televisor estará impecable Smart TV, no te pierdas tus películas preferidas Tecnología 4K, resolución que rompe barreras', 'https://www.alkomprar.com/medias/7705946329392-001-750Wx750H?context=bWFzdGVyfGltYWdlc3w1NzIzNnxpbWFnZS9qcGVnfGltYWdlcy9oYWYvaGI3Lzg5MzI1Mzc3MjkwNTQuanBnfGVjOWYwZjRhYmM4Yzk1NDA5NzZlMGVmZjRiMTFhYjFmMzk1MGI4Yzk2ODA1ZDI0N2M5MjYyMDJhMGUxNzFhNzA', '', '999900', NULL, NULL, NULL, '2019-09-23 23:16:40'),
(1606, 47, 26, 101, 'Consola NITENDO Switch Neon Blue- Red Joy-Con', 'Resolución HD Puerto USB Procesador Tegra NVIDIA Resolución HD Puerto USB Procesador Tegra NVIDIA', 'https://www.alkomprar.com/medias/045496590093-001-750Wx750H?context=bWFzdGVyfGltYWdlc3wxNzU4Njl8aW1hZ2UvanBlZ3xpbWFnZXMvaDdlL2g3My85MTE5MDc1MTA2ODQ2LmpwZ3xhZWU5ODkxODJkNjVlMzdhODJmMzcyZDM3ZTI0OGU2Yzg5NTVmMTQ2ZWJkNTI0ZjUwOWM5MDBiMGU1ZWM3N2Ni', '', '1599000', NULL, NULL, NULL, '2019-09-23 23:16:40'),
(1607, 47, 26, 101, 'Consola Slim PS4 Pro 1 Tera Byte + 1 Control', 'Explora mundos vívidos en juegos con gráficos vibrantes Compatible con todos los juegos para PS4 Transmisión y mejoramiento automático en un máximo de 4K Juega online con otros jugadores de PS4 Explora mundos vívidos en juegos con gráficos vibrantes Compatible con todos los juegos para PS4 Transmisión y mejoramiento automático en un máximo de 4K Juega online con otros jugadores de PS4', 'https://www.alkomprar.com/medias/711719524144-001-750Wx750H?context=bWFzdGVyfGltYWdlc3w3NjI1NHxpbWFnZS9qcGVnfGltYWdlcy9oMjkvaDY1LzkwNTI0MjQxNzU2NDYuanBnfDBiMmZhZmFlZDQ5YzdmOTdjOTgzZDAxZjVkZmU2YTBhOThjYWNkNDQyNTdmN2JmMjY0OGM0YTNlZjQ0MjM0Y2U', '', '1999900', NULL, NULL, NULL, '2019-09-23 23:16:41'),
(1608, 47, 26, 101, 'Consola XBOX One S 1TB + 1 Control + Juego Horizon 4', 'Haz streaming de video Ultra HD 4K en Netflix, Amazon y más. Disfruta de las películas con lujo de detalle gracias al Blu-ray TM4K Ultra HD. Haz que tus juegos y películas cobren vida con el audio envolvente que ofrecen Dolby Atmos y DTS: X.1 Disfruta de tus aplicaciones favoritas, como YouTube, Spotify y muchas más. Los juegos digitales te acompañan, juega en cualquier consola Xbox One Haz streaming de video Ultra HD 4K en Netflix, Amazon y más. Disfruta de las películas con lujo de detalle gracias al Blu-ray TM4K Ultra HD. Haz que tus juegos y películas cobren vida con el audio envolvente que ofrecen Dolby Atmos y DTS: X.1 Disfruta de tus aplicaciones favoritas, como YouTube, Spotify y muchas más. Los juegos digitales te acompañan, juega en cualquier consola Xbox One', 'https://www.alkomprar.com/medias/889842307078-001-750Wx750H?context=bWFzdGVyfGltYWdlc3wyMTYwMTd8aW1hZ2UvanBlZ3xpbWFnZXMvaDg2L2hhZi85MTI4OTk1MTI3MzI2LmpwZ3w4MjdlMGEyZTE4MmZjYWY1ZjNkNGMzMDM4OTM1ZDMzMjgwNGMzZDU4ZDdmMjMwZGRhYjhhYTQxZmFhZWNiZGZj', '', '1499900', NULL, NULL, NULL, '2019-09-23 23:16:42'),
(1609, 47, 26, 101, 'Consola NINTENDO NES Classic Edition', 'Cuenta con 30 juegos preinstalados Disfruta del juego como en los viejos tiempos Diseñado para coleccionistas y amantes de los video juegos Cuenta con 30 juegos preinstalados Disfruta del juego como en los viejos tiempos Diseñado para coleccionistas y amantes de los video juegos', 'https://www.alkomprar.com/medias/045496590024-001-750Wx750H?context=bWFzdGVyfGltYWdlc3wyNzcwNjV8aW1hZ2UvanBlZ3xpbWFnZXMvaDk0L2g0ZC85MTE5MDc5ODI1NDM4LmpwZ3xlZDMzY2ZjMzUyNGMzOGViZTE0Y2E0NzYzZjdmNjRkZjM4MjI2ZTkyNGRlOThmMjU4ZmY4ODYxNDZkMjZmN2U5', '', '329000', NULL, NULL, NULL, '2019-09-23 23:16:42'),
(1610, 47, 26, 101, 'Consola NITENDO SWITCH con Joy Con Neon/Blue + Juego Mario Kart 8', 'Con Nintendo Switch la experiencia de una consola doméstica va siempre contigo ¡48 CIRCUITOS! Incluye circuitos inspirados en Animal Crossing, Excitebike, The Legend of Zelda y muchos más. Cuenta con la aplicación gratuita para dispositivos móviles y asi llevar el Control parental de la Nintendo Switch. Hasta 6 horas de duración de la batería dependiendo del programa que sera usado. Pantalla multitáctil capacitiva de 6.2 pulgadas Con Nintendo Switch la experiencia de una consola doméstica va siempre contigo ¡48 CIRCUITOS! Incluye circuitos inspirados en Animal Crossing, Excitebike, The Legend of Zelda y muchos más. Cuenta con la aplicación gratuita para dispositivos móviles y asi llevar el Control parental de la Nintendo Switch. Hasta 6 horas de duración de la batería dependiendo del programa que sera usado. Pantalla multitáctil capacitiva de 6.2 pulgadas', 'https://www.alkomprar.com/medias/7453024540534-001-750Wx750H?context=bWFzdGVyfGltYWdlc3wyMDM1MjV8aW1hZ2UvanBlZ3xpbWFnZXMvaDQ3L2gxMi85MTM1NDEwNTQ0NjcwLmpwZ3xjZTA3NjhhZjZjNmQzYWMwMTNhMmM0ZWFiY2QwNDk2N2M4NDVjMzQ2MzY0NDEyOTZkMTYyYzNjNjVlMDc1YmFl', '', '1759000', NULL, NULL, NULL, '2019-09-23 23:16:43'),
(1611, 47, 26, 101, 'Consola XBOX One S 1TB + 1 Control + 3 Juegos Digitales Maverik', 'Haz streaming de video Ultra HD 4K en Netflix, Amazon y más. Disfruta de los mejores juegos del pasado, presente y futuro Haz que tus juegos y películas cobren vida con el audio envolvente que ofrecen Dolby Atmos y DTS: X.1 Disfruta de tus aplicaciones favoritas, como YouTube, Spotify y muchas más. Los juegos digitales te acompañan, juega en cualquier consola Xbox One Haz streaming de video Ultra HD 4K en Netflix, Amazon y más. Disfruta de los mejores juegos del pasado, presente y futuro Haz que tus juegos y películas cobren vida con el audio envolvente que ofrecen Dolby Atmos y DTS: X.1 Disfruta de tus aplicaciones favoritas, como YouTube, Spotify y muchas más. Los juegos digitales te acompañan, juega en cualquier consola Xbox One', 'https://www.alkomprar.com/medias/889842443417-001-750Wx750H?context=bWFzdGVyfGltYWdlc3w0MzgzMHxpbWFnZS9qcGVnfGltYWdlcy9oZGQvaGI5LzkxMTI2OTAxOTY1MTAuanBnfGQ0NmQxNjU4YTQ2NmJjYTM1MGJiZmYyYWFkYTExNGI0NTJmZDU2YjZmMzI3NmUxZmEyNTQ4ZGYxNWZlMTUxYTg', '', '1239900', NULL, NULL, NULL, '2019-09-23 23:16:43'),
(1612, 47, 26, 101, 'Consola XBOX One S 1TB + 1 Control + Juego Fortnite Serendipity', 'Haz streaming de video Ultra HD 4K en Netflix, Amazon y más. Disfruta de las películas con lujo de detalle gracias al Blu-ray TM4K Ultra HD. Haz que tus juegos y películas cobren vida con el audio envolvente que ofrecen Dolby Atmos y DTS: X.1 Disfruta de tus aplicaciones favoritas, como YouTube, Spotify y muchas más. Haz streaming de video Ultra HD 4K en Netflix, Amazon y más. Disfruta de las películas con lujo de detalle gracias al Blu-ray TM4K Ultra HD. Haz que tus juegos y películas cobren vida con el audio envolvente que ofrecen Dolby Atmos y DTS: X.1 Disfruta de tus aplicaciones favoritas, como YouTube, Spotify y muchas más.', 'https://www.alkomprar.com/medias/889842438055-001-750Wx750H?context=bWFzdGVyfGltYWdlc3wxNTI2ODJ8aW1hZ2UvcG5nfGltYWdlcy9oOGYvaDUwLzkxMzMyNjcwNTg3MTgucG5nfDlkMGM0ODkxMTBiZTZjOGIyZDYxMmNiYzQ1ZWY5NTNjYzI3YzhiNTJmZWU4NmZiZDZiNDVhZmU3ZjM1Y2UzNzI', '', '1499900', NULL, NULL, NULL, '2019-09-23 23:16:44'),
(1613, 47, 26, 101, 'Consola PS4 Slim Hits 5 1TB +1 Control Inalambrico + 3 Juegos ( Days Gone , Detroit , Raimbow Six ).', 'La consola PlayStation 4, ahora más liviana y más delgada Tiene disco duro de 1TB para disfrutar los mejores juegos Estos exclusivos juegos te llevarán a viajes increíbles PSHits ofrece poderosos gráficos y alta velocidad Experiencias de juego atrapantes La consola PlayStation 4, ahora más liviana y más delgada Tiene disco duro de 1TB para disfrutar los mejores juegos Estos exclusivos juegos te llevarán a viajes increíbles PSHits ofrece poderosos gráficos y alta velocidad Experiencias de juego atrapantes', 'https://www.alkomprar.com/medias/711719528555-001-750Wx750H?context=bWFzdGVyfGltYWdlc3w2MzEwMXxpbWFnZS9qcGVnfGltYWdlcy9oMDMvaDUwLzkxMTI4MTU1OTk2NDYuanBnfGE0YjdhYWZiYmYzN2U1NGI0ZmY2Nzc0NzZmYTcwZDcyNzY2YjNiN2UyMjk2YzE5YTIwYzY4ZTRhMzI4ZThkZGY', '', '1499900', NULL, NULL, NULL, '2019-09-23 23:16:44'),
(1614, 47, 26, 101, 'Consola XBOX One X 1 Tera + 1 Control + Juego Digital Metro Exodus', 'Haz streaming de video Ultra HD 4K en Netflix, Amazon y más. Disfruta de las películas con lujo de detalle gracias al Blu-ray TM4K Ultra HD. Haz que tus juegos y películas cobren vida con el audio envolvente que ofrecen Dolby Atmos y DTS: X.1 Disfruta de tus aplicaciones favoritas, como YouTube, Spotify y muchas más. Gráficos magníficos: 4 veces más potente que un Xbox One S Haz streaming de video Ultra HD 4K en Netflix, Amazon y más. Disfruta de las películas con lujo de detalle gracias al Blu-ray TM4K Ultra HD. Haz que tus juegos y películas cobren vida con el audio envolvente que ofrecen Dolby Atmos y DTS: X.1 Disfruta de tus aplicaciones favoritas, como YouTube, Spotify y muchas más. Gráficos magníficos: 4 veces más potente que un Xbox One S', 'https://www.alkomprar.com/medias/889842444209-001-750Wx750H?context=bWFzdGVyfGltYWdlc3wzNDk3NTh8aW1hZ2UvanBlZ3xpbWFnZXMvaDY0L2hhZS85MTMwMjAwNjI5Mjc4LmpwZ3xiNTVjY2ZmNjgxMWZkNTU2MjBkZmE0M2E2Nzg4MWU3NTM3ODdhZjEzZjc2OWE1NjlkYmYyNDQ0MGU4OWU0YzRm', '', '1999900', NULL, NULL, NULL, '2019-09-23 23:16:45'),
(1615, 47, 26, 101, 'Consola PLAYSTATION 4 Slim Hits 5 1TB + 1 Control Days of Play 2019 - LATAM', 'La consola PlayStation 5, ahora más liviana y más delgada. Tiene disco duro de 1TB para disfrutar los mejores juegos. Celebrar momentos épicos con tan solo pulsar el botón Share PS4 Hits ofrece poderosos gráficos y alta velocidad Obtén juegos gratis, guarda los juegos online La consola PlayStation 5, ahora más liviana y más delgada. Tiene disco duro de 1TB para disfrutar los mejores juegos. Celebrar momentos épicos con tan solo pulsar el botón Share PS4 Hits ofrece poderosos gráficos y alta velocidad Obtén juegos gratis, guarda los juegos online', 'https://www.alkomprar.com/medias/711719528159-001-750Wx750H?context=bWFzdGVyfGltYWdlc3wxNDExMDN8aW1hZ2UvanBlZ3xpbWFnZXMvaDVkL2gzOC85MTI4NDgyNzM0MTEwLmpwZ3xjMjAzMGNiMjJkNzg1YjkwZmMyNmFhNmZiMTBhNDExMTUwMWU3ZmQ2NjAxYmYxOTZhNjgzYmU4YjA3Mzk2NjEy', '', '1799900', NULL, NULL, NULL, '2019-09-23 23:16:45'),
(1616, 47, 26, 101, 'Consola XBOX One S 1 Tera Byte + 1 Control + Juego Fortnite', 'Haz streaming de video Ultra HD 4K en Netflix, Amazon y más. Disfruta de las películas con lujo de detalle gracias al Blu-ray TM4K Ultra HD. Haz que tus juegos y películas cobren vida con el audio envolvente que ofrecen Dolby Atmos y DTS: X.1 Disfruta de tus aplicaciones favoritas, como YouTube, Spotify y muchas más. Haz streaming de video Ultra HD 4K en Netflix, Amazon y más. Disfruta de las películas con lujo de detalle gracias al Blu-ray TM4K Ultra HD. Haz que tus juegos y películas cobren vida con el audio envolvente que ofrecen Dolby Atmos y DTS: X.1 Disfruta de tus aplicaciones favoritas, como YouTube, Spotify y muchas más.', 'https://www.alkomprar.com/medias/889842334555-001-750Wx750H?context=bWFzdGVyfGltYWdlc3w2MTUxMXxpbWFnZS9qcGVnfGltYWdlcy9oYzgvaDhjLzkwODcyMjk2ODk4ODYuanBnfGVkZDNmMDM0Y2VkZmNjOTg1ZDkwMzMxMjRhNWFjZmFhZGU4Mjk2M2RhYjVjN2YwYzNiMDgzMDJjOGU3OTViOTE', '', '1499900', NULL, NULL, NULL, '2019-09-23 23:16:46'),
(1617, 47, 26, 101, 'Consola PLAY STATION Classic', 'Recreación de la icónica consola PlayStation cargada DE 20 juegos El tamaño de esta miniconsola es aproximadamente un 45% más pequeño PlayStation®Classic viene con 20 juegos precargados incluidos Final Recreación de la icónica consola PlayStation cargada DE 20 juegos El tamaño de esta miniconsola es aproximadamente un 45% más pequeño PlayStation®Classic viene con 20 juegos precargados incluidos Final', 'https://www.alkomprar.com/medias/711719526087-001-750Wx750H?context=bWFzdGVyfGltYWdlc3w1NjQ3N3xpbWFnZS9qcGVnfGltYWdlcy9oMDgvaDY4LzkwMzkxNTQwODU5MTguanBnfDNhZDQyYmFiNjc1NzU3YzlhYWRhNTQ3YWIyMzE3ODAwOThjMTg2MGVkNmQ0MDQ4YzczZjAyODJiYjNmNjUyYWI', '', '209900', NULL, NULL, NULL, '2019-09-23 23:16:47'),
(1618, 47, 26, 101, 'Consola GO RETRO BIT Portable Azul', 'Encuentra mas de 260 Juegos Clasicos . Interfaz de usuario intuitiva Alimentado por 4 AAA baterías o por cable Micro-USB . Encuentra mas de 260 Juegos Clasicos . Interfaz de usuario intuitiva Alimentado por 4 AAA baterías o por cable Micro-USB .', 'https://www.alkomprar.com/medias/849172009929-001-750Wx750H?context=bWFzdGVyfGltYWdlc3w3NTg4M3xpbWFnZS9qcGVnfGltYWdlcy9oNTkvaGJkLzkwMzYzMTQ4Njk3OTAuanBnfDc1ODRkNmY4OGY0ZWMxZjA2ODc4ZGE0NjhkZjlkYWRiNGNlNmRjMGRlOTFjMmJiNjRmZjQwNWQ2ZjFlNjgyM2U', '', '129900', NULL, NULL, NULL, '2019-09-23 23:16:48'),
(1619, 47, 26, 101, 'Consola GO RETRO BIT Portable Roja', 'Encuentra mas de 260 Juegos Clasicos . Interfaz de usuario intuitiva Alimentado por 4 AAA baterías o por cable Micro-USB . Encuentra mas de 260 Juegos Clasicos . Interfaz de usuario intuitiva Alimentado por 4 AAA baterías o por cable Micro-USB .', 'https://www.alkomprar.com/medias/849172009912-001-750Wx750H?context=bWFzdGVyfGltYWdlc3w1MDgzN3xpbWFnZS9qcGVnfGltYWdlcy9oODEvaDJmLzkwNjc1NDI0Nzg4NzguanBnfGZkNWFjZDZjNjcwOTQwOGJiZTkwNThmOTQ1NGM2MzFmMTkwNmJkZTM1NTRiYWE4ZDk1NGEyNzcxYjA1ZTNjZjI', '', '129900', NULL, NULL, NULL, '2019-09-23 23:16:48'),
(1640, 68, 31, 100, 'Televisor HD SAMSUNG81 cm32  UN32J4290AKXZL  Smartv', 'Peso (Kg)	5.6\nColor	Negro\nModelo	UN32J4290AKXZL\nPaís de Origen.	Corea Del Sur (KR)\nNombre del Fabricante y /o Importador	Samsung\nGarantía	SI', 'uploads/Bladimir S-12210158/Televisor HD SAMSUNG81 cm32  UN32J4290AKXZL  Smartv-0029467341195028_md_a.jpg', NULL, '743938', NULL, NULL, NULL, '2019-10-10 15:31:31'),
(1641, 68, 24, 106, 'Monitor OLIMPO 80.CM32M1800 ', '* Resolución escritorio: 1920 x 1080 ""\n\n* Resolución de señal activa: 1920 x 1080\n\n* Frecuencia de Actualización: (Hz) 59HZ\n\n* Profundidad de Bits: 8Bits\n\n* Formato de color : RGB\n\n* Espacio de colores: Rango dinámico estándar (SDR)\n\n* 1 entrada VGA\n\n* 1 entrada HDMI\n', 'uploads/Bladimir S-12210158/Monitor OLIMPO 80.CM32M1800 -compu.jpg', NULL, '496929', NULL, NULL, NULL, '2019-10-10 15:31:32'),
(1642, 68, 24, 270, 'Pc escritorio LENOVO 19,5 Pulgadas  500GB  AIO-33020AST A6          ', 'País de Origen.	China\nPeso (Kg)	3.09kg\nModelo	AIO 330-20AST\nNombre del Fabricante y /o Importador	LENOVO SINGAPORE\nGarantía	1 año\nTamaño de pantalla (Pulgadas)	19.5\nResolución de la pantalla	HD\nFamilia del Procesador	Amd A6\nMemoria RAM	4G\nDisco duro	500GB\nTarjeta de video	INTEGRATED\nSistema Operativo	Windows 10\nSalida HDMI	Si\nPuertos Externos	3.0\nBluetooh	Si\nCamara Integrada	720P_CAMERA\nDimensiones (Alto x Ancho x Profundo)	3.7 x 46 x 37', 'uploads/Bladimir S-12210158/Pc escritorio LENOVO 19,5 Pulgadas  500GB  AIO-33020AST A6          -compu2.jpg', NULL, '989934', NULL, NULL, NULL, '2019-10-10 15:31:32'),
(1643, 68, 24, 271, 'Portatil ACER 14 Pulgadas - 500GB - PEN A314-31-P488 = ()', 'Peso (Kg)	1.8\nColor	Black\nModelo	Notebook\nPaís de Origen.	China\nNombre del Fabricante y /o Importador	ACER AMERICA CORP.\nGarantía	12 meses\nTamaño de pantalla (Pulgadas)	14.0\nTipo de Computador	Portatil\nResolución de la pantalla	HD 1366x768\nFamilia del Procesador	Intel\nGeneración del procesador	Intel Pentium 4200\nMemoria RAM	4GB\nDisco duro	500GB\nTarjeta de video	No\nSistema Operativo	Windows 10 Home Single\nSalida HDMI	Si\nPuertos Externos	2 x USB 2.0 ; 1 x USB 3.0\nBluetooh	Si\nCamara Integrada	Si\nUn', 'uploads/Bladimir S-12210158/Portatil ACER 14 Pulgadas - 500GB - PEN A314-31-P488 = ()-compu.jpg', NULL, '909300', NULL, NULL, NULL, '2019-10-10 15:31:33'),
(1644, 68, 24, 271, 'Portatil Convertible 2EN1 ACER 14 Pulgadas - 1TB SP314-51-32W7', 'Peso (Kg)	1.7\nColor	Iron\nModelo	Convertible 2en1\nPaís de Origen.	China\nNombre del Fabricante y /o Importador	ACER AMERICA CORP.\nGarantía	12 meses\nTamaño de pantalla (Pulgadas)	14.0\nTipo de Computador	Portatil\nResolución de la pantalla	HD 1366x768\nFamilia del Procesador	Intel\nGeneración del procesador	Intel Core i3 8130U\nMemoria RAM	4GB\nDisco duro	1TB\nTarjeta de video	No\nSistema Operativo	Windows 10 Home Single\nSalida HDMI	Si\nPuertos Externos	1 x USB 2.0 ; 2 x USB 3.0\nBluetooh	Si\nCamara Integrada', 'uploads/Bladimir S-12210158/Portatil Convertible 2EN1 ACER 14 Pulgadas - 1TB SP314-51-32W7-compu.jpg', NULL, '1494350', NULL, NULL, NULL, '2019-10-10 15:31:33'),
(1645, 68, 29, 306, 'Bicicleta GW - Hombre - Negro Rojo', 'Peso (Kg)	19KG\nModelo	AQUA\nPaís de Origen.	China\nNombre del Fabricante y /o Importador	COMERCIAL RALI S.A.\nMaterial	Aluminio, plástico y acero\nMaterial del marco	Aluminio\nSuspensión	Si\nNumero de cambios	21.0\nTipo de Bicicleta	MTB\nMaterial del Manubrio	Acero\nMaterial del pedal	Plastico\nAsiento	Plastico y Vinilo\nRin	29.0\nRequiere armado	0.15\nMaterial Piñol	Acero\nGenero	Hombre', 'uploads/Bladimir S-12210158/Bicicleta GW - Hombre - Negro Rojo-bici.jpg', NULL, '799900', NULL, NULL, NULL, '2019-10-10 15:31:33'),
(1646, 68, 30, 275, 'Colchon MISTRAL -Euro Real 140x190', 'Peso (Kg)	19.0\nColor	Tapetes crema\nModelo	Tigh Top', 'uploads/Bladimir S-12210158/Colchon MISTRAL -Euro Real 140x190-colchon.jpg', NULL, '339900', NULL, NULL, NULL, '2019-10-10 15:31:34'),
(1647, 68, 30, 275, 'Somier MISTRAL ', 'Peso (Kg)	20.0\nColor	Negro\nModelo	Somier Tela Sedacron\nPaís de Origen.	Colombia\nNombre del Fabricante y /o Importador	Industrias Zabra S.A.\nGarantía	1 Año\nMaterial	Laminas de fibra naturales alcolchado de 3 cm por ambas caras, tela jacuard poliester\nDimensiones de la base (Alto x Ancho x Profundo ) (Cm)	15 x 100 x 190 Sin Patas\nTipo	Basico\nPeso del colchón a soportar P/P (kG)	130.0\nGama	Media\nMaterial de la base	Madera Alta Resistencia', 'uploads/Bladimir S-12210158/Somier MISTRAL -0031421051337239_md_a.jpg', NULL, '274900', NULL, NULL, NULL, '2019-10-10 15:31:34'),
(1651, 68, 31, 100, 'Televisor HD OLIMPO 80Cm 32 - 32D2200 Básico', 'Peso (Kg): 6.1\nColor: Negro\nModelo: 32D2200\nPaís de Origen : RPC\nNombre del Fabricante y /o Importador	Super Almecenes olimpica S.A', 'uploads/Bladimir S-12210158/Televisor HD OLIMPO 80Cm 32 - 32D2200 Básico-0029467341195028_md_a.jpg', NULL, '497.621', NULL, NULL, NULL, '2019-10-10 15:46:28');
INSERT INTO `productos` (`id_pro`, `id_empresa`, `id_categoria`, `id_subcategoria`, `nombre_pro`, `descripcion_pro`, `imagen_pro`, `precioAnterior_pro`, `precioNuevo_pro`, `diasOferta_pro`, `inicioOferta_pro`, `finOferta_pro`, `fecha_registro_pro`) VALUES
(1655, 68, 43, 96, 'Lavadora semiautomática ABBA - 15.4 libras LA 70 SA', 'Peso (Kg)	19.0\nColor	Blanco\nModelo	LA 70 SA\nClasificación energética	A\nPaís de Origen.	RPC\nNombre del Fabricante y /o Importador	Indusel S. A. S.\nGarantía	12 meses (general) - 36 meses (motor de lavado)\nMaterial	Lámina cold rolled\nTipo	Semiautomática\nTipo de panel	Perillas\nMaterial del Tambor	Plástico\nCapacidad de lavado (Kg)	7.0\nCapacidad de Secado(Kg)	4,6 (Centrifugado)\nNumero de programas	2.0\nFunciones de lavado	3.0\nDimensiones (Alto x Ancho x Profundo) (Cm)	88,5 x 76,1 x 44,8', 'uploads/Bladimir S-12210158/Lavadora semiautomática ABBA - 15.4 libras LA 70 SA-Lavadora.jpg', '399.920', '499.900', 3, '2019-10-10 21:32:00', '2019-10-12 21:32:00', '2019-10-10 16:38:47'),
(1656, 68, 24, 107, 'Tablet LENOVO Tab3 7 essential- 7 - 8GB', 'Color	Black\nModelo	TB-7104F\nPaís de Origen.	China\nNombre del Fabricante y /o Importador	Lenovo\nGarantía	1 año\nMaterial	Poliuretano\nTamaño de pantalla (Pulgadas)	7.0\nResolución de la pantalla	1280 x 720\nFamilia del Procesador	MT8167A/D\nMemoria RAM	1GB\nSistema Operativo	ANDROID\nDimensiones (Alto x Ancho x Profundo)	" 19,48 x 10,2 x 0,88\nVelocidad del Procesador	1.3GHZ 32 BIT\nCámara Frontal	0.3MP\nCámara Trasera	2MP\nMemoria Interna (GB)	8GB\nBatería (mAh)	3450.0\nConectividad.	WIFI', 'uploads/Bladimir S-12210158/Tablet LENOVO Tab3 7 essential- 7 - 8GB-tablet.jpg', NULL, '210540', NULL, NULL, NULL, '2019-10-10 23:01:48'),
(1657, 68, 24, 107, 'Tablet LENOVO Tab3 7 essential- 7 - 8GB', 'Color	Black\nModelo	TB-7104F\nPaís de Origen.	China\nNombre del Fabricante y /o Importador	Lenovo\nGarantía	1 año\nMaterial	Poliuretano\nTamaño de pantalla (Pulgadas)	7.0\nResolución de la pantalla	1280 x 720\nFamilia del Procesador	MT8167A/D\nMemoria RAM	1GB\nSistema Operativo	ANDROID\nDimensiones (Alto x Ancho x Profundo)	19,48 x 10,2 x 0,88\nVelocidad del Procesador	1.3GHZ 32 BIT\nCámara Frontal	0.3MP\nCámara Trasera	2MP\nMemoria Interna (GB)	8GB\nBatería (mAh)	3450.0\nConectividad.	WIFI', 'uploads/Bladimir S-12210158/Tablet LENOVO Tab3 7 essential- 7 - 8GB-tablet.jpg', NULL, '210.540', NULL, NULL, NULL, '2019-10-10 23:09:31');

-- --------------------------------------------------------

--
-- Estructura de tabla para la tabla `roles`
--

CREATE TABLE `roles` (
  `id_rol` int(11) NOT NULL,
  `nombre_rol` varchar(20) NOT NULL,
  `descripcion_rol` varchar(250) NOT NULL
) ENGINE=InnoDB DEFAULT CHARSET=latin1;

--
-- Volcado de datos para la tabla `roles`
--

INSERT INTO `roles` (`id_rol`, `nombre_rol`, `descripcion_rol`) VALUES
(1, 'Administrador', 'Administrador del sistema'),
(2, 'Cliente', 'Empresario quien registra su empresa y productos'),
(3, 'Usuario', 'Usuarios que buscan un producto y comparan su precio');

-- --------------------------------------------------------

--
-- Estructura de tabla para la tabla `subcategorias`
--

CREATE TABLE `subcategorias` (
  `id_subcategoria` int(11) NOT NULL,
  `id_categoria` int(11) NOT NULL,
  `nombre_subcategoria` varchar(100) NOT NULL
) ENGINE=InnoDB DEFAULT CHARSET=latin1;

--
-- Volcado de datos para la tabla `subcategorias`
--

INSERT INTO `subcategorias` (`id_subcategoria`, `id_categoria`, `nombre_subcategoria`) VALUES
(86, 42, 'Reguladores Voltaje y Multitomas'),
(87, 42, 'Memorias USB y Tarjetas Memoria'),
(88, 42, 'Cables, Cargadores, Adaptadores'),
(89, 25, 'Audio Para el Hogar'),
(90, 25, 'Audífonos'),
(91, 1, 'Teléfonos Celulares'),
(92, 24, 'Impresión'),
(93, 24, 'Accesorios Computadores y Tablets'),
(94, 29, 'Ejercicio y Fitness'),
(95, 43, 'Grandes Electrodomésticos'),
(96, 43, 'Pequeños Electrodomésticos'),
(97, 43, 'Accesorios y Repuestos Electrodomésticos'),
(98, 37, 'Llantas Automovil'),
(99, 37, 'Llantas Camioneta'),
(100, 31, 'Televisores'),
(101, 26, 'Consolas'),
(102, 25, 'Accesorios Audio'),
(103, 25, 'Parlantes y Amplificadores'),
(104, 25, 'Car Audio'),
(105, 25, 'Radios y Grabadoras'),
(106, 24, 'Monitores'),
(107, 24, 'Tablets y iPads'),
(108, 37, 'Llantas Camión'),
(109, 37, 'Llantas Utilitarias'),
(110, 28, 'Videocámaras'),
(267, 28, 'Accesorios de cámaras'),
(268, 28, 'Cámaras fotográficas'),
(269, 1, 'Accesorios para celulares'),
(270, 24, 'Computadores de Escritorio'),
(271, 24, 'Computadores Portátiles'),
(274, 25, 'Equipos de Sonido'),
(275, 30, 'Colchones'),
(276, 30, 'Muebles'),
(277, 30, 'Rpa de hogar'),
(278, 30, 'Decoración'),
(279, 30, 'Utensilios de cocina'),
(280, 30, 'Vajillas y cristalería'),
(281, 33, 'Ropa y zapatos para mujer'),
(282, 33, 'Ropa y zapatos para hombre'),
(283, 33, 'Ropa y zapatos para niña'),
(284, 33, 'Ropa y zapatos para niño'),
(285, 33, 'Ropa para bebé'),
(286, 33, 'Perfumería y Accesorios'),
(287, 32, 'Pollo, carne y pescado'),
(288, 32, 'Frutas y verduras'),
(289, 32, 'Despensa'),
(290, 32, 'Lácteos, huevos y refrigerados'),
(291, 32, 'Congelados'),
(292, 32, 'Panadería y repostería'),
(293, 32, 'Vinos y licores'),
(294, 32, 'Limpieza del hogar'),
(295, 32, 'Mascotas'),
(296, 33, 'Maletas y bolsos'),
(297, 36, 'Maquillaje'),
(298, 36, 'Cuidado oral'),
(299, 36, 'Cuidado capilar'),
(300, 36, 'Cuidado facial'),
(301, 36, 'Cuidado corporal'),
(302, 36, 'Protección solar'),
(303, 36, 'Higiene intima'),
(304, 36, 'Droguería'),
(305, 35, 'Juguetería'),
(306, 29, 'Ciclismo'),
(307, 29, 'Fitness'),
(308, 29, 'Camping'),
(309, 31, 'Teatros en Casa'),
(310, 31, 'DVD y Blu-ray'),
(311, 31, 'Videoproyectores'),
(312, 31, 'Accesorios de TV y Video'),
(313, 29, 'Ropa deportiva para mujer'),
(314, 29, 'Ropa deportiva para hombre'),
(315, 29, 'Ropa deportiva para niños y niñas'),
(316, 29, 'Otros deportes');

-- --------------------------------------------------------

--
-- Estructura de tabla para la tabla `usuarios`
--

CREATE TABLE `usuarios` (
  `id_usuario` int(10) NOT NULL,
  `id_rol` int(11) NOT NULL,
  `nombre_usu` varchar(20) NOT NULL,
  `correo_usu` varchar(50) NOT NULL,
  `clave_usu` varchar(50) NOT NULL,
  `telefono_usu` varchar(10) DEFAULT NULL,
  `estado_correo_usu` enum('false','true') NOT NULL,
  `codigo_activacion_usu` varchar(250) NOT NULL
) ENGINE=InnoDB DEFAULT CHARSET=latin1;

--
-- Volcado de datos para la tabla `usuarios`
--

INSERT INTO `usuarios` (`id_usuario`, `id_rol`, `nombre_usu`, `correo_usu`, `clave_usu`, `telefono_usu`, `estado_correo_usu`, `codigo_activacion_usu`) VALUES
(1, 3, 'user', 'user@hotmail.com', 'f8032d5cae3de20fcec887f395ec9a6a', '2147483647', 'true', ''),
(2, 3, 'usuauusau', 'users@hotmail.com', 'f9fa10ba956cacf91d7878861139efb9', '3202727927', 'true', ''),
(3, 3, 'usuario', 'usuario@hotmail.com', 'f8032d5cae3de20fcec887f395ec9a6a', '3202727927', 'true', ''),
(5, 3, 'alejandro', 'xbladimiros@hotmail.com', 'e10adc3949ba59abbe56e057f20f883e', '3202727927', 'true', ''),
(6, 3, 'sdfsdf', 'yankerlly2@gmail.com', 'e10adc3949ba59abbe56e057f20f883e', '3202727927', 'true', ''),
(7, 3, 'unusuario', 'usuario1@hotmail.com', 'f8032d5cae3de20fcec887f395ec9a6a', '3202992920', 'true', ''),
(8, 3, 'kevin', 'UsuarioNuevo@hotmail.com', '24701f76bbcf6826e4ec83502fa8b799', '3202827937', 'true', ''),
(9, 3, 'usuario', 'u-suario_1987@hotmail.com', 'e65bf788a81619dbbb6481d41b790f1b', '3245678944', 'true', ''),
(10, 3, 'usuarionuevo', 'usuarionuevos@hotmail.com', 'f8032d5cae3de20fcec887f395ec9a6a', '3202828927', 'true', ''),
(11, 3, 'asdasd', 'asdad3@hotmail.com', 'f9fa10ba956cacf91d7878861139efb9', '3207834576', 'true', ''),
(12, 3, 'asdasdasd', 'asdasdasd@hotmail.com', 'f9fa10ba956cacf91d7878861139efb9', '3207655678', 'true', ''),
(13, 3, 'vbnvbn', 'fgdfgdfg@hotmail.com', 'f9fa10ba956cacf91d7878861139efb9', '3209876543', 'true', ''),
(14, 3, 'xvxcvgn', 'dgdfbdf@hotmail.com', 'f9fa10ba956cacf91d7878861139efb9', '3207865467', 'true', ''),
(15, 3, 'asdasdak', 'sdsfskdfjsdf@hotmail.com', 'f9fa10ba956cacf91d7878861139efb9', '3208982982', 'true', ''),
(61, 3, 'nataly', 'karenaguilar401@gmail.com', '314601222d7662a1dc0240ab776a342e', '3222590316', 'false', '27e9661e033a73a6ad8cefcde965c54d'),
(81, 3, 'alejandro', 'xespitia@hotmail.com', 'f9fa10ba956cacf91d7878861139efb9', '3202727927', 'true', '0eaf0f796b918b4c9c7eec8cc4a9e0cb'),
(82, 3, 'alejandro', 'alejopolanco7@gmail.com', 'f9fa10ba956cacf91d7878861139efb9', '3202727927', 'true', '3f78614f061c508c892c4dfe0abdf27e');

--
-- Índices para tablas volcadas
--

--
-- Indices de la tabla `administrador`
--
ALTER TABLE `administrador`
  ADD PRIMARY KEY (`id_administrador`),
  ADD KEY `id_rol` (`id_rol`);

--
-- Indices de la tabla `calificacion`
--
ALTER TABLE `calificacion`
  ADD PRIMARY KEY (`id_calificacion`),
  ADD KEY `id_pro_2` (`id_pro`),
  ADD KEY `id_usuario` (`id_usuario`);

--
-- Indices de la tabla `categorias`
--
ALTER TABLE `categorias`
  ADD PRIMARY KEY (`id_categoria`);

--
-- Indices de la tabla `clientes`
--
ALTER TABLE `clientes`
  ADD PRIMARY KEY (`id_cliente`),
  ADD KEY `id_rol` (`id_rol`);

--
-- Indices de la tabla `empresa`
--
ALTER TABLE `empresa`
  ADD PRIMARY KEY (`id_empresa`),
  ADD KEY `id_clientes_fk` (`id_cliente`);

--
-- Indices de la tabla `productos`
--
ALTER TABLE `productos`
  ADD PRIMARY KEY (`id_pro`),
  ADD KEY `id_empresa` (`id_empresa`),
  ADD KEY `id_categoria` (`id_categoria`),
  ADD KEY `id_subcategoria` (`id_subcategoria`);

--
-- Indices de la tabla `roles`
--
ALTER TABLE `roles`
  ADD PRIMARY KEY (`id_rol`);

--
-- Indices de la tabla `subcategorias`
--
ALTER TABLE `subcategorias`
  ADD PRIMARY KEY (`id_subcategoria`),
  ADD UNIQUE KEY `nombre_subcategoria` (`nombre_subcategoria`),
  ADD KEY `id_categoria` (`id_categoria`);

--
-- Indices de la tabla `usuarios`
--
ALTER TABLE `usuarios`
  ADD PRIMARY KEY (`id_usuario`),
  ADD KEY `id_rol` (`id_rol`);

--
-- AUTO_INCREMENT de las tablas volcadas
--

--
-- AUTO_INCREMENT de la tabla `calificacion`
--
ALTER TABLE `calificacion`
  MODIFY `id_calificacion` int(11) NOT NULL AUTO_INCREMENT;
--
-- AUTO_INCREMENT de la tabla `categorias`
--
ALTER TABLE `categorias`
  MODIFY `id_categoria` int(11) NOT NULL AUTO_INCREMENT, AUTO_INCREMENT=44;
--
-- AUTO_INCREMENT de la tabla `clientes`
--
ALTER TABLE `clientes`
  MODIFY `id_cliente` int(11) NOT NULL AUTO_INCREMENT, AUTO_INCREMENT=42;
--
-- AUTO_INCREMENT de la tabla `empresa`
--
ALTER TABLE `empresa`
  MODIFY `id_empresa` int(11) NOT NULL AUTO_INCREMENT, AUTO_INCREMENT=69;
--
-- AUTO_INCREMENT de la tabla `productos`
--
ALTER TABLE `productos`
  MODIFY `id_pro` int(11) NOT NULL AUTO_INCREMENT, AUTO_INCREMENT=1658;
--
-- AUTO_INCREMENT de la tabla `roles`
--
ALTER TABLE `roles`
  MODIFY `id_rol` int(11) NOT NULL AUTO_INCREMENT, AUTO_INCREMENT=4;
--
-- AUTO_INCREMENT de la tabla `subcategorias`
--
ALTER TABLE `subcategorias`
  MODIFY `id_subcategoria` int(11) NOT NULL AUTO_INCREMENT, AUTO_INCREMENT=317;
--
-- AUTO_INCREMENT de la tabla `usuarios`
--
ALTER TABLE `usuarios`
  MODIFY `id_usuario` int(10) NOT NULL AUTO_INCREMENT, AUTO_INCREMENT=83;
--
-- Restricciones para tablas volcadas
--

--
-- Filtros para la tabla `administrador`
--
ALTER TABLE `administrador`
  ADD CONSTRAINT `id_rol_fk` FOREIGN KEY (`id_rol`) REFERENCES `roles` (`id_rol`);

--
-- Filtros para la tabla `calificacion`
--
ALTER TABLE `calificacion`
  ADD CONSTRAINT `id_pro_fk` FOREIGN KEY (`id_pro`) REFERENCES `productos` (`id_pro`) ON DELETE CASCADE ON UPDATE CASCADE,
  ADD CONSTRAINT `id_usuario_fk` FOREIGN KEY (`id_usuario`) REFERENCES `usuarios` (`id_usuario`) ON DELETE CASCADE ON UPDATE CASCADE;

--
-- Filtros para la tabla `clientes`
--
ALTER TABLE `clientes`
  ADD CONSTRAINT `id_rol_cli_fk` FOREIGN KEY (`id_rol`) REFERENCES `roles` (`id_rol`);

--
-- Filtros para la tabla `empresa`
--
ALTER TABLE `empresa`
  ADD CONSTRAINT `id_clientes_fk` FOREIGN KEY (`id_cliente`) REFERENCES `clientes` (`id_cliente`) ON DELETE CASCADE ON UPDATE CASCADE;

--
-- Filtros para la tabla `productos`
--
ALTER TABLE `productos`
  ADD CONSTRAINT `id_categoria_fk` FOREIGN KEY (`id_categoria`) REFERENCES `categorias` (`id_categoria`) ON DELETE CASCADE ON UPDATE CASCADE,
  ADD CONSTRAINT `id_empresa_fk_1` FOREIGN KEY (`id_empresa`) REFERENCES `empresa` (`id_empresa`) ON DELETE CASCADE ON UPDATE CASCADE,
  ADD CONSTRAINT `id_subcategoria_fk` FOREIGN KEY (`id_subcategoria`) REFERENCES `subcategorias` (`id_subcategoria`) ON DELETE CASCADE ON UPDATE CASCADE;

--
-- Filtros para la tabla `subcategorias`
--
ALTER TABLE `subcategorias`
  ADD CONSTRAINT `id_categoria_fk_1` FOREIGN KEY (`id_categoria`) REFERENCES `categorias` (`id_categoria`) ON DELETE CASCADE ON UPDATE CASCADE;

--
-- Filtros para la tabla `usuarios`
--
ALTER TABLE `usuarios`
  ADD CONSTRAINT `id_rol_usu_fk` FOREIGN KEY (`id_rol`) REFERENCES `roles` (`id_rol`);

DELIMITER $$
--
-- Eventos
--
CREATE DEFINER=`root`@`localhost` EVENT `DeleteProducts` ON SCHEDULE EVERY 1 WEEK STARTS '2019-09-04 16:56:46' ON COMPLETION NOT PRESERVE ENABLE COMMENT 'Elimina productos que llevan 30 dias en la BD' DO DELETE FROM productos
    WHERE fecha_registro_pro < DATE_SUB(NOW(), INTERVAL 30 DAY)$$

CREATE DEFINER=`root`@`localhost` EVENT `DeleteOfferProducts` ON SCHEDULE EVERY 1 DAY STARTS '2019-09-12 04:50:00' ON COMPLETION NOT PRESERVE ENABLE COMMENT 'Elimina las ofertas que ya pasaron de fecha.' DO DELETE FROM productos WHERE finOferta_pro < NOW()$$

DELIMITER ;

/*!40101 SET CHARACTER_SET_CLIENT=@OLD_CHARACTER_SET_CLIENT */;
/*!40101 SET CHARACTER_SET_RESULTS=@OLD_CHARACTER_SET_RESULTS */;
/*!40101 SET COLLATION_CONNECTION=@OLD_COLLATION_CONNECTION */;
